2013,70,BIH,26,"Ores, slag and ash",40304689
2013,76,BRA,26,"Ores, slag and ash",35082512117
2013,96,BRN,26,"Ores, slag and ash",75180
2013,100,BGR,26,"Ores, slag and ash",741612810
2013,104,MMR,26,"Ores, slag and ash",23759525
2013,112,BLR,26,"Ores, slag and ash",3097500
2013,124,CAN,26,"Ores, slag and ash",8432113295
2013,144,LKA,26,"Ores, slag and ash",7142539
2013,152,CHL,26,"Ores, slag and ash",19441467830
2013,156,CHN,26,"Ores, slag and ash",378872619
2013,170,COL,26,"Ores, slag and ash",12607492
2013,178,COG,26,"Ores, slag and ash",493096
2013,188,CRI,26,"Ores, slag and ash",123407
2013,191,HRV,26,"Ores, slag and ash",10099748
2013,196,CYP,26,"Ores, slag and ash",199217.7
2013,203,CZE,26,"Ores, slag and ash",25395663
2013,208,DNK,26,"Ores, slag and ash",15190350
2013,212,DMA,26,"Ores, slag and ash",333.333
2013,214,DOM,26,"Ores, slag and ash",100622492
2013,108,BDI,26,"Ores, slag and ash",6528202
2013,90,SLB,26,"Ores, slag and ash",519186.413
2013,72,BWA,26,"Ores, slag and ash",128392567.3
2013,68,BOL,26,"Ores, slag and ash",1924609309
2013,56,BEL,26,"Ores, slag and ash",306734634.3
2013,52,BRB,26,"Ores, slag and ash",4197
2013,51,ARM,26,"Ores, slag and ash",303604933
2013,50,BGD,26,"Ores, slag and ash",18157558
2013,48,BHR,26,"Ores, slag and ash",612969078
2013,44,BHS,26,"Ores, slag and ash",432
2013,40,AUT,26,"Ores, slag and ash",41259100
2013,36,AUS,26,"Ores, slag and ash",81015413674
2013,32,ARG,26,"Ores, slag and ash",1361145137
2013,31,AZE,26,"Ores, slag and ash",16982693
2013,20,AND,26,"Ores, slag and ash",4111.474
2013,12,DZA,26,"Ores, slag and ash",3142770
2013,8,ALB,26,"Ores, slag and ash",142657352
2013,218,ECU,26,"Ores, slag and ash",75162518
2013,222,SLV,26,"Ores, slag and ash",1277366.34
2013,231,ETH,26,"Ores, slag and ash",2015196.115
2013,233,EST,26,"Ores, slag and ash",7678526
2013,242,FJI,26,"Ores, slag and ash",9417931
2013,246,FIN,26,"Ores, slag and ash",239836163
2013,251,FRA,26,"Ores, slag and ash",382887874
2013,266,GAB,26,"Ores, slag and ash",180645806.5
2013,268,GEO,26,"Ores, slag and ash",164258445
2013,275,PSE,26,"Ores, slag and ash",73314
2013,276,DEU,26,"Ores, slag and ash",448015136.6
2013,288,GHA,26,"Ores, slag and ash",176534323
2013,300,GRC,26,"Ores, slag and ash",63819290
2013,320,GTM,26,"Ores, slag and ash",511645168
2013,324,GIN,26,"Ores, slag and ash",459219683
2013,328,GUY,26,"Ores, slag and ash",133361485
2013,344,HKG,26,"Ores, slag and ash",36647857
2013,348,HUN,26,"Ores, slag and ash",9911325
2013,352,ISL,26,"Ores, slag and ash",88098
2013,360,IDN,26,"Ores, slag and ash",6544111736
2013,364,IRN,26,"Ores, slag and ash",1748613857
2013,372,IRL,26,"Ores, slag and ash",489645671.4
2013,376,ISR,26,"Ores, slag and ash",3123000
2013,380,ITA,26,"Ores, slag and ash",290079641
2013,384,CIV,26,"Ores, slag and ash",20155497.43
2013,388,JAM,26,"Ores, slag and ash",129395572
2013,392,JPN,26,"Ores, slag and ash",136201078
2013,398,KAZ,26,"Ores, slag and ash",2729550161
2013,400,JOR,26,"Ores, slag and ash",345956
2013,404,KEN,26,"Ores, slag and ash",4043268
2013,410,KOR,26,"Ores, slag and ash",161401065
2013,414,KWT,26,"Ores, slag and ash",151990
2013,417,KGZ,26,"Ores, slag and ash",18488007
2013,418,LAO,26,"Ores, slag and ash",695550490
2013,422,LBN,26,"Ores, slag and ash",191537
2013,428,LVA,26,"Ores, slag and ash",1505266
2013,440,LTU,26,"Ores, slag and ash",1489410
2013,442,LUX,26,"Ores, slag and ash",10509345
2013,450,MDG,26,"Ores, slag and ash",105484540.6
2013,454,MWI,26,"Ores, slag and ash",135072905.4
2013,458,MYS,26,"Ores, slag and ash",686230888
2013,470,MLT,26,"Ores, slag and ash",33561
2013,478,MRT,26,"Ores, slag and ash",1572740056
2013,480,MUS,26,"Ores, slag and ash",47750
2013,484,MEX,26,"Ores, slag and ash",4011203340
2013,490,S19,26,"Ores, slag and ash",152164842
2013,496,MNG,26,"Ores, slag and ash",1761242556
2013,499,MNE,26,"Ores, slag and ash",12617272
2013,504,MAR,26,"Ores, slag and ash",240260539
2013,508,MOZ,26,"Ores, slag and ash",157885065
2013,512,OMN,26,"Ores, slag and ash",1369713388
2013,516,NAM,26,"Ores, slag and ash",968373269
2013,524,NPL,26,"Ores, slag and ash",110802
2013,528,NLD,26,"Ores, slag and ash",1158444581
2013,540,NCL,26,"Ores, slag and ash",195341618
2013,554,NZL,26,"Ores, slag and ash",79108980.38
2013,558,NIC,26,"Ores, slag and ash",79252
2013,562,NER,26,"Ores, slag and ash",659383108
2013,566,NGA,26,"Ores, slag and ash",64228211
2013,579,NOR,26,"Ores, slag and ash",478217586
2013,586,PAK,26,"Ores, slag and ash",135510312
2013,591,PAN,26,"Ores, slag and ash",48557
2013,600,PRY,26,"Ores, slag and ash",45328
2013,604,PER,26,"Ores, slag and ash",11516606290
2013,608,PHL,26,"Ores, slag and ash",2324774440
2013,616,POL,26,"Ores, slag and ash",59483109
2013,620,PRT,26,"Ores, slag and ash",590922684
2013,634,QAT,26,"Ores, slag and ash",5280962.502
2013,642,ROU,26,"Ores, slag and ash",82314113
2013,643,RUS,26,"Ores, slag and ash",3615686763
2013,646,RWA,26,"Ores, slag and ash",222864093.5
2013,662,LCA,26,"Ores, slag and ash",201
2013,682,SAU,26,"Ores, slag and ash",155889795
2013,686,SEN,26,"Ores, slag and ash",202052
2013,688,SRB,26,"Ores, slag and ash",115689323
2013,699,IND,26,"Ores, slag and ash",2388949160
2013,702,SGP,26,"Ores, slag and ash",21566022.42
2013,703,SVK,26,"Ores, slag and ash",46699376.76
2013,704,VNM,26,"Ores, slag and ash",202098127
2013,705,SVN,26,"Ores, slag and ash",11998524
2013,710,ZAF,26,"Ores, slag and ash",13705623585
2013,716,ZWE,26,"Ores, slag and ash",344776635.9
2013,724,ESP,26,"Ores, slag and ash",2010111687
2013,729,SDN,26,"Ores, slag and ash",8405796
2013,740,SUR,26,"Ores, slag and ash",62802
2013,748,SWZ,26,"Ores, slag and ash",69948016.34
2013,752,SWE,26,"Ores, slag and ash",3353490235
2013,757,CHE,26,"Ores, slag and ash",15943331.59
2013,764,THA,26,"Ores, slag and ash",82721379
2013,768,TGO,26,"Ores, slag and ash",8409061.562
2013,780,TTO,26,"Ores, slag and ash",297656465.2
2013,784,ARE,26,"Ores, slag and ash",51158623
2013,788,TUN,26,"Ores, slag and ash",3077955
2013,792,TUR,26,"Ores, slag and ash",1779830298
2013,800,UGA,26,"Ores, slag and ash",2652214
2013,804,UKR,26,"Ores, slag and ash",3917528853
2013,807,MKD,26,"Ores, slag and ash",178356363
2013,818,EGY,26,"Ores, slag and ash",25588374
2013,826,GBR,26,"Ores, slag and ash",180385566
2013,834,TZA,26,"Ores, slag and ash",400135860
2013,842,USA,26,"Ores, slag and ash",7321029003
2013,854,BFA,26,"Ores, slag and ash",33519.423
2013,858,URY,26,"Ores, slag and ash",842147
2013,862,VEN,26,"Ores, slag and ash",266293021
2013,882,WSM,26,"Ores, slag and ash",86
2013,887,YEM,26,"Ores, slag and ash",50005
2013,894,ZMB,26,"Ores, slag and ash",94113870.94
2014,8,ALB,26,"Ores, slag and ash",117073710
2014,12,DZA,26,"Ores, slag and ash",2753385
2014,20,AND,26,"Ores, slag and ash",6505.66
2014,31,AZE,26,"Ores, slag and ash",7151302
2014,32,ARG,26,"Ores, slag and ash",1250168473
2014,36,AUS,26,"Ores, slag and ash",73362619313
2014,40,AUT,26,"Ores, slag and ash",28187344
2014,48,BHR,26,"Ores, slag and ash",598309333
2014,51,ARM,26,"Ores, slag and ash",291178484
2014,52,BRB,26,"Ores, slag and ash",15251
2014,56,BEL,26,"Ores, slag and ash",298357516.7
2014,68,BOL,26,"Ores, slag and ash",1992694100
2014,70,BIH,26,"Ores, slag and ash",35854264
2014,72,BWA,26,"Ores, slag and ash",134165773.6
2014,76,BRA,26,"Ores, slag and ash",28402213499
2014,90,SLB,26,"Ores, slag and ash",870503.521
2014,96,BRN,26,"Ores, slag and ash",80
2014,100,BGR,26,"Ores, slag and ash",632144585
2014,104,MMR,26,"Ores, slag and ash",51388708.31
2014,108,BDI,26,"Ores, slag and ash",2202511
2014,112,BLR,26,"Ores, slag and ash",5289900
2014,116,KHM,26,"Ores, slag and ash",4716
2014,120,CMR,26,"Ores, slag and ash",747
2014,124,CAN,26,"Ores, slag and ash",8604564959
2014,144,LKA,26,"Ores, slag and ash",10295723
2014,152,CHL,26,"Ores, slag and ash",18646795112
2014,156,CHN,26,"Ores, slag and ash",350079192
2014,170,COL,26,"Ores, slag and ash",20900082
2014,178,COG,26,"Ores, slag and ash",521163.63
2014,188,CRI,26,"Ores, slag and ash",38085
2014,191,HRV,26,"Ores, slag and ash",14468562
2014,203,CZE,26,"Ores, slag and ash",38281907
2014,208,DNK,26,"Ores, slag and ash",7899285
2014,214,DOM,26,"Ores, slag and ash",90792725.97
2014,218,ECU,26,"Ores, slag and ash",55753744
2014,222,SLV,26,"Ores, slag and ash",1673439.62
2014,231,ETH,26,"Ores, slag and ash",11397019.92
2014,233,EST,26,"Ores, slag and ash",3964607
2014,242,FJI,26,"Ores, slag and ash",8590017
2014,246,FIN,26,"Ores, slag and ash",221464297
2014,251,FRA,26,"Ores, slag and ash",309498036
2014,258,PYF,26,"Ores, slag and ash",10
2014,266,GAB,26,"Ores, slag and ash",147827019.7
2014,268,GEO,26,"Ores, slag and ash",250580898.5
2014,275,PSE,26,"Ores, slag and ash",712292
2014,276,DEU,26,"Ores, slag and ash",418218088.3
2014,288,GHA,26,"Ores, slag and ash",145755007.8
2014,296,KIR,26,"Ores, slag and ash",296.084
2014,300,GRC,26,"Ores, slag and ash",89466379
2014,320,GTM,26,"Ores, slag and ash",846345956
2014,324,GIN,26,"Ores, slag and ash",599290423
2014,328,GUY,26,"Ores, slag and ash",123435912
2014,340,HND,26,"Ores, slag and ash",78360113
2014,344,HKG,26,"Ores, slag and ash",45994587
2014,348,HUN,26,"Ores, slag and ash",7974620
2014,352,ISL,26,"Ores, slag and ash",6420
2014,360,IDN,26,"Ores, slag and ash",1918637694
2014,364,IRN,26,"Ores, slag and ash",1287404222
2014,372,IRL,26,"Ores, slag and ash",476850008.7
2014,376,ISR,26,"Ores, slag and ash",2946000
2014,380,ITA,26,"Ores, slag and ash",374835597
2014,384,CIV,26,"Ores, slag and ash",30460793.78
2014,388,JAM,26,"Ores, slag and ash",131848861.3
2014,392,JPN,26,"Ores, slag and ash",146153730
2014,398,KAZ,26,"Ores, slag and ash",2603412023
2014,400,JOR,26,"Ores, slag and ash",554562
2014,410,KOR,26,"Ores, slag and ash",154936119
2014,414,KWT,26,"Ores, slag and ash",69022
2014,417,KGZ,26,"Ores, slag and ash",41389302
2014,418,LAO,26,"Ores, slag and ash",548154561
2014,422,LBN,26,"Ores, slag and ash",163519
2014,426,LSO,26,"Ores, slag and ash",3317.161
2014,428,LVA,26,"Ores, slag and ash",3955842.247
2014,440,LTU,26,"Ores, slag and ash",1834224
2014,442,LUX,26,"Ores, slag and ash",9468888
2014,450,MDG,26,"Ores, slag and ash",96861621.59
2014,454,MWI,26,"Ores, slag and ash",40058648.86
2014,458,MYS,26,"Ores, slag and ash",739162404
2014,470,MLT,26,"Ores, slag and ash",33401
2014,478,MRT,26,"Ores, slag and ash",1070778732
2014,480,MUS,26,"Ores, slag and ash",504
2014,484,MEX,26,"Ores, slag and ash",4382330658
2014,490,S19,26,"Ores, slag and ash",126523402
2014,496,MNG,26,"Ores, slag and ash",3222986985
2014,499,MNE,26,"Ores, slag and ash",14918446
2014,504,MAR,26,"Ores, slag and ash",234766884
2014,508,MOZ,26,"Ores, slag and ash",187161052
2014,512,OMN,26,"Ores, slag and ash",709126526.6
2014,516,NAM,26,"Ores, slag and ash",744523172
2014,524,NPL,26,"Ores, slag and ash",81488
2014,528,NLD,26,"Ores, slag and ash",1252454850
2014,533,ABW,26,"Ores, slag and ash",2763
2014,540,NCL,26,"Ores, slag and ash",266781754
2014,554,NZL,26,"Ores, slag and ash",7412974.173
2014,558,NIC,26,"Ores, slag and ash",193293
2014,562,NER,26,"Ores, slag and ash",478187031
2014,566,NGA,26,"Ores, slag and ash",26683156
2014,579,NOR,26,"Ores, slag and ash",432411606
2014,585,PLW,26,"Ores, slag and ash",30
2014,586,PAK,26,"Ores, slag and ash",102389465
2014,600,PRY,26,"Ores, slag and ash",26004
2014,604,PER,26,"Ores, slag and ash",10565429478
2014,608,PHL,26,"Ores, slag and ash",2864172511
2014,616,POL,26,"Ores, slag and ash",108380347
2014,620,PRT,26,"Ores, slag and ash",573474077
2014,634,QAT,26,"Ores, slag and ash",5151039
2014,642,ROU,26,"Ores, slag and ash",77984116
2014,643,RUS,26,"Ores, slag and ash",3300515070
2014,646,RWA,26,"Ores, slag and ash",202499812.5
2014,682,SAU,26,"Ores, slag and ash",131823923
2014,686,SEN,26,"Ores, slag and ash",20269059
2014,688,SRB,26,"Ores, slag and ash",72520545
2014,694,SLE,26,"Ores, slag and ash",237271509
2014,699,IND,26,"Ores, slag and ash",1356792878
2014,702,SGP,26,"Ores, slag and ash",59118563.19
2014,703,SVK,26,"Ores, slag and ash",40204144.12
2014,704,VNM,26,"Ores, slag and ash",169648026
2014,705,SVN,26,"Ores, slag and ash",13622950
2014,710,ZAF,26,"Ores, slag and ash",11838276113
2014,716,ZWE,26,"Ores, slag and ash",368005514.6
2014,724,ESP,26,"Ores, slag and ash",1857947579
2014,729,SDN,26,"Ores, slag and ash",14676248.08
2014,740,SUR,26,"Ores, slag and ash",38020
2014,748,SWZ,26,"Ores, slag and ash",34461374.8
2014,752,SWE,26,"Ores, slag and ash",3344650349
2014,757,CHE,26,"Ores, slag and ash",16699219.91
2014,764,THA,26,"Ores, slag and ash",99498894
2014,768,TGO,26,"Ores, slag and ash",2265522.63
2014,780,TTO,26,"Ores, slag and ash",60201272.81
2014,784,ARE,26,"Ores, slag and ash",33451113.68
2014,788,TUN,26,"Ores, slag and ash",3197600
2014,792,TUR,26,"Ores, slag and ash",1399033464
2014,800,UGA,26,"Ores, slag and ash",4856005
2014,804,UKR,26,"Ores, slag and ash",3472393210
2014,807,MKD,26,"Ores, slag and ash",172678774
2014,818,EGY,26,"Ores, slag and ash",17057712
2014,826,GBR,26,"Ores, slag and ash",248394148
2014,834,TZA,26,"Ores, slag and ash",713717575
2014,842,USA,26,"Ores, slag and ash",8362919960
2014,854,BFA,26,"Ores, slag and ash",13430062.54
2014,858,URY,26,"Ores, slag and ash",1045842
2014,887,YEM,26,"Ores, slag and ash",33292
2014,894,ZMB,26,"Ores, slag and ash",57892302.88
2015,4,AFG,26,"Ores, slag and ash",3279440
2015,8,ALB,26,"Ores, slag and ash",93832342
2015,12,DZA,26,"Ores, slag and ash",1735883
2015,20,AND,26,"Ores, slag and ash",8962.149
2015,24,AGO,26,"Ores, slag and ash",725449.24
2015,31,AZE,26,"Ores, slag and ash",6429833.61
2015,32,ARG,26,"Ores, slag and ash",712988459.8
2015,36,AUS,26,"Ores, slag and ash",47842539334
2015,40,AUT,26,"Ores, slag and ash",32582287
2015,48,BHR,26,"Ores, slag and ash",395252830
2015,50,BGD,26,"Ores, slag and ash",7739060
2015,51,ARM,26,"Ores, slag and ash",366394024
2015,52,BRB,26,"Ores, slag and ash",88
2015,56,BEL,26,"Ores, slag and ash",215232708.2
2015,68,BOL,26,"Ores, slag and ash",1685677374
2015,70,BIH,26,"Ores, slag and ash",24308006
2015,72,BWA,26,"Ores, slag and ash",53383097.12
2015,76,BRA,26,"Ores, slag and ash",16654435225
2015,90,SLB,26,"Ores, slag and ash",2699182
2015,96,BRN,26,"Ores, slag and ash",47130
2015,100,BGR,26,"Ores, slag and ash",534048118
2015,104,MMR,26,"Ores, slag and ash",22794163.55
2015,108,BDI,26,"Ores, slag and ash",1361074
2015,112,BLR,26,"Ores, slag and ash",2639200
2015,116,KHM,26,"Ores, slag and ash",29831
2015,120,CMR,26,"Ores, slag and ash",7092
2015,124,CAN,26,"Ores, slag and ash",6602104922
2015,144,LKA,26,"Ores, slag and ash",13159856
2015,152,CHL,26,"Ores, slag and ash",14912940072
2015,156,CHN,26,"Ores, slag and ash",243859786
2015,170,COL,26,"Ores, slag and ash",27074307
2015,178,COG,26,"Ores, slag and ash",574313.061
2015,180,COD,26,"Ores, slag and ash",918216221.4
2015,188,CRI,26,"Ores, slag and ash",29821
2015,191,HRV,26,"Ores, slag and ash",15928208
2015,203,CZE,26,"Ores, slag and ash",19941935
2015,208,DNK,26,"Ores, slag and ash",5430794
2015,214,DOM,26,"Ores, slag and ash",67803544.22
2015,218,ECU,26,"Ores, slag and ash",2432001
2015,222,SLV,26,"Ores, slag and ash",592523.15
2015,231,ETH,26,"Ores, slag and ash",6487013.361
2015,233,EST,26,"Ores, slag and ash",1844768
2015,242,FJI,26,"Ores, slag and ash",2418326.387
2015,246,FIN,26,"Ores, slag and ash",144057252
2015,251,FRA,26,"Ores, slag and ash",200028677
2015,266,GAB,26,"Ores, slag and ash",155689161.9
2015,268,GEO,26,"Ores, slag and ash",273763961.3
2015,275,PSE,26,"Ores, slag and ash",112131
2015,276,DEU,26,"Ores, slag and ash",368706496.2
2015,288,GHA,26,"Ores, slag and ash",117445592.3
2015,300,GRC,26,"Ores, slag and ash",68121767
2015,320,GTM,26,"Ores, slag and ash",733928910
2015,324,GIN,26,"Ores, slag and ash",576330547
2015,328,GUY,26,"Ores, slag and ash",103567713.2
2015,340,HND,26,"Ores, slag and ash",47093182
2015,344,HKG,26,"Ores, slag and ash",33075673.62
2015,348,HUN,26,"Ores, slag and ash",4576173
2015,352,ISL,26,"Ores, slag and ash",117438
2015,360,IDN,26,"Ores, slag and ash",3378428967
2015,364,IRN,26,"Ores, slag and ash",726852348
2015,372,IRL,26,"Ores, slag and ash",319143160.8
2015,376,ISR,26,"Ores, slag and ash",222000
2015,380,ITA,26,"Ores, slag and ash",201809091.5
2015,384,CIV,26,"Ores, slag and ash",20168482.49
2015,388,JAM,26,"Ores, slag and ash",129858787
2015,392,JPN,26,"Ores, slag and ash",141271088
2015,398,KAZ,26,"Ores, slag and ash",1084150478
2015,400,JOR,26,"Ores, slag and ash",373717
2015,404,KEN,26,"Ores, slag and ash",123380789.6
2015,410,KOR,26,"Ores, slag and ash",160157123
2015,414,KWT,26,"Ores, slag and ash",158946.472
2015,417,KGZ,26,"Ores, slag and ash",19816107
2015,418,LAO,26,"Ores, slag and ash",645344484
2015,422,LBN,26,"Ores, slag and ash",290828.899
2015,426,LSO,26,"Ores, slag and ash",202.211
2015,428,LVA,26,"Ores, slag and ash",605322.031
2015,440,LTU,26,"Ores, slag and ash",1324915
2015,442,LUX,26,"Ores, slag and ash",10262111
2015,450,MDG,26,"Ores, slag and ash",70603522.37
2015,454,MWI,26,"Ores, slag and ash",145252.85
2015,458,MYS,26,"Ores, slag and ash",1449312940
2015,470,MLT,26,"Ores, slag and ash",28097
2015,478,MRT,26,"Ores, slag and ash",744238534.1
2015,484,MEX,26,"Ores, slag and ash",3898526243
2015,490,S19,26,"Ores, slag and ash",72517046
2015,496,MNG,26,"Ores, slag and ash",2662329896
2015,498,MDA,26,"Ores, slag and ash",11661
2015,499,MNE,26,"Ores, slag and ash",19620780
2015,504,MAR,26,"Ores, slag and ash",231496987.6
2015,508,MOZ,26,"Ores, slag and ash",151264534.6
2015,512,OMN,26,"Ores, slag and ash",380854688.7
2015,516,NAM,26,"Ores, slag and ash",445706528
2015,524,NPL,26,"Ores, slag and ash",17421
2015,528,NLD,26,"Ores, slag and ash",959943956.2
2015,533,ABW,26,"Ores, slag and ash",338
2015,540,NCL,26,"Ores, slag and ash",237107695
2015,554,NZL,26,"Ores, slag and ash",4871205.832
2015,558,NIC,26,"Ores, slag and ash",370935
2015,562,NER,26,"Ores, slag and ash",401792836
2015,566,NGA,26,"Ores, slag and ash",22951566.93
2015,579,NOR,26,"Ores, slag and ash",236213657.6
2015,586,PAK,26,"Ores, slag and ash",84469467
2015,591,PAN,26,"Ores, slag and ash",6912
2015,600,PRY,26,"Ores, slag and ash",8754
2015,604,PER,26,"Ores, slag and ash",9961866518
2015,608,PHL,26,"Ores, slag and ash",1640589723
2015,616,POL,26,"Ores, slag and ash",35128629
2015,620,PRT,26,"Ores, slag and ash",483408425.9
2015,634,QAT,26,"Ores, slag and ash",4933994.382
2015,642,ROU,26,"Ores, slag and ash",63480713
2015,643,RUS,26,"Ores, slag and ash",1959462676
2015,646,RWA,26,"Ores, slag and ash",117962674.5
2015,682,SAU,26,"Ores, slag and ash",166249948
2015,686,SEN,26,"Ores, slag and ash",93213292
2015,688,SRB,26,"Ores, slag and ash",38544727
2015,694,SLE,26,"Ores, slag and ash",639154
2015,699,IND,26,"Ores, slag and ash",673066200
2015,702,SGP,26,"Ores, slag and ash",45449668.93
2015,703,SVK,26,"Ores, slag and ash",33273366.21
2015,704,VNM,26,"Ores, slag and ash",130874155
2015,705,SVN,26,"Ores, slag and ash",15482368
2015,710,ZAF,26,"Ores, slag and ash",8402041205
2015,716,ZWE,26,"Ores, slag and ash",339408116.8
2015,724,ESP,26,"Ores, slag and ash",1661597368
2015,729,SDN,26,"Ores, slag and ash",3784547
2015,740,SUR,26,"Ores, slag and ash",444326046.6
2015,748,SWZ,26,"Ores, slag and ash",166.472
2015,752,SWE,26,"Ores, slag and ash",2049093026
2015,757,CHE,26,"Ores, slag and ash",22967661.34
2015,764,THA,26,"Ores, slag and ash",101163870.4
2015,768,TGO,26,"Ores, slag and ash",2189534.2
2015,780,TTO,26,"Ores, slag and ash",280234027.4
2015,784,ARE,26,"Ores, slag and ash",46550199.96
2015,788,TUN,26,"Ores, slag and ash",2372834
2015,792,TUR,26,"Ores, slag and ash",1000102357
2015,800,UGA,26,"Ores, slag and ash",2368362
2015,804,UKR,26,"Ores, slag and ash",2216459224
2015,807,MKD,26,"Ores, slag and ash",139367120.5
2015,818,EGY,26,"Ores, slag and ash",11505230.01
2015,826,GBR,26,"Ores, slag and ash",269032425
2015,834,TZA,26,"Ores, slag and ash",471292568
2015,842,USA,26,"Ores, slag and ash",6811997450
2015,854,BFA,26,"Ores, slag and ash",25566.435
2015,858,URY,26,"Ores, slag and ash",408224
2015,894,ZMB,26,"Ores, slag and ash",34743563.81
2016,4,AFG,26,"Ores, slag and ash",186827
2016,8,ALB,26,"Ores, slag and ash",98961465
2016,12,DZA,26,"Ores, slag and ash",1709436
2016,20,AND,26,"Ores, slag and ash",6862.534
2016,24,AGO,26,"Ores, slag and ash",66474.09
2016,31,AZE,26,"Ores, slag and ash",15906702.93
2016,32,ARG,26,"Ores, slag and ash",987156858.7
2016,36,AUS,26,"Ores, slag and ash",49227428049
2016,40,AUT,26,"Ores, slag and ash",31248186.38
2016,48,BHR,26,"Ores, slag and ash",781466250.4
2016,51,ARM,26,"Ores, slag and ash",412976555
2016,52,BRB,26,"Ores, slag and ash",651
2016,56,BEL,26,"Ores, slag and ash",162469818.9
2016,68,BOL,26,"Ores, slag and ash",1855800472
2016,70,BIH,26,"Ores, slag and ash",28977074
2016,72,BWA,26,"Ores, slag and ash",103279
2016,76,BRA,26,"Ores, slag and ash",15816098824
2016,84,BLZ,26,"Ores, slag and ash",19
2016,90,SLB,26,"Ores, slag and ash",624078
2016,96,BRN,26,"Ores, slag and ash",114868
2016,100,BGR,26,"Ores, slag and ash",548541385.2
2016,104,MMR,26,"Ores, slag and ash",24884705.53
2016,108,BDI,26,"Ores, slag and ash",3597895
2016,112,BLR,26,"Ores, slag and ash",2434600
2016,120,CMR,26,"Ores, slag and ash",24187
2016,124,CAN,26,"Ores, slag and ash",6132698429
2016,144,LKA,26,"Ores, slag and ash",10743659
2016,152,CHL,26,"Ores, slag and ash",14589214966
2016,156,CHN,26,"Ores, slag and ash",270468805
2016,170,COL,26,"Ores, slag and ash",38826681
2016,178,COG,26,"Ores, slag and ash",891135.489
2016,180,COD,26,"Ores, slag and ash",848207007.5
2016,188,CRI,26,"Ores, slag and ash",378
2016,191,HRV,26,"Ores, slag and ash",17972396
2016,192,CUB,26,"Ores, slag and ash",5084352.69
2016,196,CYP,26,"Ores, slag and ash",13293.905
2016,203,CZE,26,"Ores, slag and ash",23206699
2016,208,DNK,26,"Ores, slag and ash",5823373.754
2016,214,DOM,26,"Ores, slag and ash",62920794.94
2016,218,ECU,26,"Ores, slag and ash",34171169
2016,222,SLV,26,"Ores, slag and ash",791106.35
2016,231,ETH,26,"Ores, slag and ash",6803936.902
2016,233,EST,26,"Ores, slag and ash",1540130.875
2016,242,FJI,26,"Ores, slag and ash",1327112.077
2016,246,FIN,26,"Ores, slag and ash",218070265
2016,251,FRA,26,"Ores, slag and ash",216795824
2016,266,GAB,26,"Ores, slag and ash",160633681.9
2016,268,GEO,26,"Ores, slag and ash",335563575.2
2016,275,PSE,26,"Ores, slag and ash",516898
2016,276,DEU,26,"Ores, slag and ash",407811614.3
2016,288,GHA,26,"Ores, slag and ash",143264684
2016,300,GRC,26,"Ores, slag and ash",64800550
2016,320,GTM,26,"Ores, slag and ash",648648170
2016,324,GIN,26,"Ores, slag and ash",615060496.3
2016,328,GUY,26,"Ores, slag and ash",108204977
2016,340,HND,26,"Ores, slag and ash",33745553
2016,344,HKG,26,"Ores, slag and ash",26398523.67
2016,348,HUN,26,"Ores, slag and ash",13302358
2016,352,ISL,26,"Ores, slag and ash",977802
2016,360,IDN,26,"Ores, slag and ash",3567655091
2016,364,IRN,26,"Ores, slag and ash",1103045137
2016,372,IRL,26,"Ores, slag and ash",238870929.3
2016,376,ISR,26,"Ores, slag and ash",1759000
2016,380,ITA,26,"Ores, slag and ash",197949703.1
2016,384,CIV,26,"Ores, slag and ash",12850651.91
2016,388,JAM,26,"Ores, slag and ash",92154247
2016,392,JPN,26,"Ores, slag and ash",143066164
2016,398,KAZ,26,"Ores, slag and ash",1193597789
2016,400,JOR,26,"Ores, slag and ash",519527
2016,404,KEN,26,"Ores, slag and ash",142137892.8
2016,410,KOR,26,"Ores, slag and ash",93225608
2016,414,KWT,26,"Ores, slag and ash",303371.74
2016,417,KGZ,26,"Ores, slag and ash",68285082
2016,418,LAO,26,"Ores, slag and ash",751017566
2016,422,LBN,26,"Ores, slag and ash",102354
2016,426,LSO,26,"Ores, slag and ash",1795.962
2016,428,LVA,26,"Ores, slag and ash",439521.14
2016,434,LBY,26,"Ores, slag and ash",85438
2016,440,LTU,26,"Ores, slag and ash",1543885
2016,442,LUX,26,"Ores, slag and ash",10278074
2016,450,MDG,26,"Ores, slag and ash",64523661.69
2016,454,MWI,26,"Ores, slag and ash",7973.589
2016,458,MYS,26,"Ores, slag and ash",1355412472
2016,466,MLI,26,"Ores, slag and ash",16184
2016,470,MLT,26,"Ores, slag and ash",349266
2016,478,MRT,26,"Ores, slag and ash",686385062
2016,484,MEX,26,"Ores, slag and ash",3816192772
2016,490,S19,26,"Ores, slag and ash",920660279
2016,496,MNG,26,"Ores, slag and ash",2108362276
2016,499,MNE,26,"Ores, slag and ash",31466924.16
2016,504,MAR,26,"Ores, slag and ash",242653987
2016,508,MOZ,26,"Ores, slag and ash",191269132
2016,512,OMN,26,"Ores, slag and ash",134091142.7
2016,516,NAM,26,"Ores, slag and ash",842461593
2016,524,NPL,26,"Ores, slag and ash",26628.989
2016,528,NLD,26,"Ores, slag and ash",679704708.7
2016,533,ABW,26,"Ores, slag and ash",214423.91
2016,554,NZL,26,"Ores, slag and ash",5457608
2016,558,NIC,26,"Ores, slag and ash",169452.61
2016,562,NER,26,"Ores, slag and ash",299748511.5
2016,566,NGA,26,"Ores, slag and ash",10527682
2016,579,NOR,26,"Ores, slag and ash",131588246
2016,586,PAK,26,"Ores, slag and ash",90578930
2016,600,PRY,26,"Ores, slag and ash",13558
2016,604,PER,26,"Ores, slag and ash",12248690229
2016,608,PHL,26,"Ores, slag and ash",1255040307
2016,616,POL,26,"Ores, slag and ash",128810376
2016,620,PRT,26,"Ores, slag and ash",409744052
2016,634,QAT,26,"Ores, slag and ash",13158997.57
2016,642,ROU,26,"Ores, slag and ash",44390968
2016,643,RUS,26,"Ores, slag and ash",2043592122
2016,646,RWA,26,"Ores, slag and ash",86740304.62
2016,670,VCT,26,"Ores, slag and ash",1316.665
2016,682,SAU,26,"Ores, slag and ash",223331382.9
2016,686,SEN,26,"Ores, slag and ash",99614814
2016,688,SRB,26,"Ores, slag and ash",50786671
2016,694,SLE,26,"Ores, slag and ash",368350
2016,699,IND,26,"Ores, slag and ash",1316315753
2016,702,SGP,26,"Ores, slag and ash",45369472.34
2016,703,SVK,26,"Ores, slag and ash",26659259.54
2016,704,VNM,26,"Ores, slag and ash",77671267.94
2016,705,SVN,26,"Ores, slag and ash",13045766.44
2016,710,ZAF,26,"Ores, slag and ash",7684748041
2016,716,ZWE,26,"Ores, slag and ash",380973349.5
2016,724,ESP,26,"Ores, slag and ash",1383762589
2016,729,SDN,26,"Ores, slag and ash",851785
2016,740,SUR,26,"Ores, slag and ash",113945930
2016,748,SWZ,26,"Ores, slag and ash",241.609
2016,752,SWE,26,"Ores, slag and ash",2163608775
2016,757,CHE,26,"Ores, slag and ash",19268351.89
2016,762,TJK,26,"Ores, slag and ash",239119635
2016,764,THA,26,"Ores, slag and ash",107671726.2
2016,780,TTO,26,"Ores, slag and ash",217772586.3
2016,784,ARE,26,"Ores, slag and ash",53296489.52
2016,788,TUN,26,"Ores, slag and ash",1923803
2016,792,TUR,26,"Ores, slag and ash",923611733
2016,800,UGA,26,"Ores, slag and ash",2284374
2016,804,UKR,26,"Ores, slag and ash",1954649424
2016,807,MKD,26,"Ores, slag and ash",125490403.4
2016,818,EGY,26,"Ores, slag and ash",16992913.58
2016,826,GBR,26,"Ores, slag and ash",235635871
2016,834,TZA,26,"Ores, slag and ash",323426135
2016,842,USA,26,"Ores, slag and ash",5705530520
2016,854,BFA,26,"Ores, slag and ash",85444
2016,858,URY,26,"Ores, slag and ash",405364
2016,894,ZMB,26,"Ores, slag and ash",22234936.44
2017,4,AFG,26,"Ores, slag and ash",121743.78
2017,8,ALB,26,"Ores, slag and ash",97364499.09
2017,12,DZA,26,"Ores, slag and ash",2314078.43
2017,20,AND,26,"Ores, slag and ash",7687.114
2017,24,AGO,26,"Ores, slag and ash",151449.53
2017,31,AZE,26,"Ores, slag and ash",19579081.67
2017,32,ARG,26,"Ores, slag and ash",734816291.6
2017,36,AUS,26,"Ores, slag and ash",59363894634
2017,40,AUT,26,"Ores, slag and ash",39184070.34
2017,48,BHR,26,"Ores, slag and ash",865081958.7
2017,51,ARM,26,"Ores, slag and ash",598717042.7
2017,52,BRB,26,"Ores, slag and ash",1
2017,56,BEL,26,"Ores, slag and ash",206765577.4
2017,68,BOL,26,"Ores, slag and ash",2342258832
2017,70,BIH,26,"Ores, slag and ash",40387357.48
2017,72,BWA,26,"Ores, slag and ash",3754476.911
2017,76,BRA,26,"Ores, slag and ash",22397926893
2017,90,SLB,26,"Ores, slag and ash",20249856.62
2017,96,BRN,26,"Ores, slag and ash",56273.624
2017,100,BGR,26,"Ores, slag and ash",580791826.2
2017,104,MMR,26,"Ores, slag and ash",27395361.59
2017,108,BDI,26,"Ores, slag and ash",8094111.998
2017,112,BLR,26,"Ores, slag and ash",3188500
2017,120,CMR,26,"Ores, slag and ash",0.138
2017,124,CAN,26,"Ores, slag and ash",7000440441
2017,144,LKA,26,"Ores, slag and ash",12092750.43
2017,152,CHL,26,"Ores, slag and ash",18677580087
2017,156,CHN,26,"Ores, slag and ash",717174679
2017,170,COL,26,"Ores, slag and ash",59529787.66
2017,178,COG,26,"Ores, slag and ash",930874.387
2017,180,COD,26,"Ores, slag and ash",1503642450
2017,188,CRI,26,"Ores, slag and ash",39674.677
2017,191,HRV,26,"Ores, slag and ash",19033575
2017,192,CUB,26,"Ores, slag and ash",2875800.86
2017,203,CZE,26,"Ores, slag and ash",54282223
2017,208,DNK,26,"Ores, slag and ash",12896618.04
2017,214,DOM,26,"Ores, slag and ash",59997263.88
2017,218,ECU,26,"Ores, slag and ash",100224284.4
2017,222,SLV,26,"Ores, slag and ash",1192015.43
2017,231,ETH,26,"Ores, slag and ash",9379047.937
2017,233,EST,26,"Ores, slag and ash",3113179.432
2017,242,FJI,26,"Ores, slag and ash",2787424.496
2017,246,FIN,26,"Ores, slag and ash",482438962
2017,251,FRA,26,"Ores, slag and ash",294567368
2017,266,GAB,26,"Ores, slag and ash",180639656.7
2017,268,GEO,26,"Ores, slag and ash",426960607.8
2017,275,PSE,26,"Ores, slag and ash",58741.216
2017,276,DEU,26,"Ores, slag and ash",540603185.7
2017,288,GHA,26,"Ores, slag and ash",186085864
2017,300,GRC,26,"Ores, slag and ash",93740754.84
2017,320,GTM,26,"Ores, slag and ash",321174851
2017,328,GUY,26,"Ores, slag and ash",144435129
2017,340,HND,26,"Ores, slag and ash",55982380.57
2017,344,HKG,26,"Ores, slag and ash",20153674.97
2017,348,HUN,26,"Ores, slag and ash",8956550
2017,352,ISL,26,"Ores, slag and ash",1301645.628
2017,360,IDN,26,"Ores, slag and ash",3769623579
2017,364,IRN,26,"Ores, slag and ash",1842901853
2017,372,IRL,26,"Ores, slag and ash",316706531.5
2017,376,ISR,26,"Ores, slag and ash",2355000
2017,380,ITA,26,"Ores, slag and ash",209073290.9
2017,384,CIV,26,"Ores, slag and ash",53751025.82
2017,388,JAM,26,"Ores, slag and ash",92450183.71
2017,392,JPN,26,"Ores, slag and ash",139129233.7
2017,398,KAZ,26,"Ores, slag and ash",2119269693
2017,400,JOR,26,"Ores, slag and ash",465097.281
2017,404,KEN,26,"Ores, slag and ash",177308495
2017,410,KOR,26,"Ores, slag and ash",192806246
2017,414,KWT,26,"Ores, slag and ash",444427.374
2017,417,KGZ,26,"Ores, slag and ash",144753958
2017,418,LAO,26,"Ores, slag and ash",798790968
2017,422,LBN,26,"Ores, slag and ash",212145.964
2017,426,LSO,26,"Ores, slag and ash",183.881
2017,428,LVA,26,"Ores, slag and ash",288570.184
2017,430,LBR,26,"Ores, slag and ash",43177730
2017,434,LBY,26,"Ores, slag and ash",85438
2017,440,LTU,26,"Ores, slag and ash",2344331
2017,442,LUX,26,"Ores, slag and ash",9174188.282
2017,450,MDG,26,"Ores, slag and ash",123744869.6
2017,454,MWI,26,"Ores, slag and ash",35706.425
2017,458,MYS,26,"Ores, slag and ash",1427501203
2017,466,MLI,26,"Ores, slag and ash",9641.213
2017,470,MLT,26,"Ores, slag and ash",264017.858
2017,478,MRT,26,"Ores, slag and ash",813418857
2017,480,MUS,26,"Ores, slag and ash",130982.954
2017,484,MEX,26,"Ores, slag and ash",4812925352
2017,490,S19,26,"Ores, slag and ash",708310011.1
2017,496,MNG,26,"Ores, slag and ash",2200529121
2017,499,MNE,26,"Ores, slag and ash",58842826.09
2017,504,MAR,26,"Ores, slag and ash",363616509.8
2017,508,MOZ,26,"Ores, slag and ash",210705531
2017,512,OMN,26,"Ores, slag and ash",977661904.2
2017,516,NAM,26,"Ores, slag and ash",628088132.5
2017,524,NPL,26,"Ores, slag and ash",40046.246
2017,528,NLD,26,"Ores, slag and ash",966326587.5
2017,554,NZL,26,"Ores, slag and ash",17842366.23
2017,558,NIC,26,"Ores, slag and ash",3876.66
2017,562,NER,26,"Ores, slag and ash",292015095.1
2017,566,NGA,26,"Ores, slag and ash",9513785.219
2017,579,NOR,26,"Ores, slag and ash",195467792.7
2017,586,PAK,26,"Ores, slag and ash",112823132.5
2017,600,PRY,26,"Ores, slag and ash",20092
2017,604,PER,26,"Ores, slag and ash",16614769906
2017,608,PHL,26,"Ores, slag and ash",1178604289
2017,616,POL,26,"Ores, slag and ash",98727350
2017,620,PRT,26,"Ores, slag and ash",517315285.5
2017,634,QAT,26,"Ores, slag and ash",3004054.51
2017,642,ROU,26,"Ores, slag and ash",51439502.25
2017,643,RUS,26,"Ores, slag and ash",3072054398
2017,646,RWA,26,"Ores, slag and ash",123982193.1
2017,662,LCA,26,"Ores, slag and ash",222.207
2017,682,SAU,26,"Ores, slag and ash",335659398.1
2017,686,SEN,26,"Ores, slag and ash",144328174.3
2017,688,SRB,26,"Ores, slag and ash",71803400
2017,694,SLE,26,"Ores, slag and ash",3787105.796
2017,699,IND,26,"Ores, slag and ash",1989786338
2017,702,SGP,26,"Ores, slag and ash",26041849.62
2017,703,SVK,26,"Ores, slag and ash",39079459.26
2017,704,VNM,26,"Ores, slag and ash",110735408.3
2017,705,SVN,26,"Ores, slag and ash",16251896.26
2017,710,ZAF,26,"Ores, slag and ash",11272454481
2017,716,ZWE,26,"Ores, slag and ash",469622636.8
2017,724,ESP,26,"Ores, slag and ash",2358941179
2017,729,SDN,26,"Ores, slag and ash",2931867
2017,740,SUR,26,"Ores, slag and ash",54564.678
2017,748,SWZ,26,"Ores, slag and ash",347.285
2017,752,SWE,26,"Ores, slag and ash",3050823061
2017,757,CHE,26,"Ores, slag and ash",16735354.09
2017,762,TJK,26,"Ores, slag and ash",387327415
2017,764,THA,26,"Ores, slag and ash",77192674.97
2017,780,TTO,26,"Ores, slag and ash",6696139.705
2017,784,ARE,26,"Ores, slag and ash",40714930.26
2017,788,TUN,26,"Ores, slag and ash",3236814.052
2017,792,TUR,26,"Ores, slag and ash",1396672456
2017,800,UGA,26,"Ores, slag and ash",2254525.87
2017,804,UKR,26,"Ores, slag and ash",2736136849
2017,807,MKD,26,"Ores, slag and ash",201618048.7
2017,818,EGY,26,"Ores, slag and ash",14269938.11
2017,826,GBR,26,"Ores, slag and ash",239879005.3
2017,834,TZA,26,"Ores, slag and ash",62720692.45
2017,842,USA,26,"Ores, slag and ash",6011333679
2017,854,BFA,26,"Ores, slag and ash",51275.812
2017,858,URY,26,"Ores, slag and ash",383103
2017,860,UZB,26,"Ores, slag and ash",368882
2017,882,WSM,26,"Ores, slag and ash",3.957
2017,894,ZMB,26,"Ores, slag and ash",37714282.89
2018,4,AFG,26,"Ores, slag and ash",95879.34
2018,8,ALB,26,"Ores, slag and ash",70762485.66
2018,20,AND,26,"Ores, slag and ash",9466.224
2018,24,AGO,26,"Ores, slag and ash",1552225.083
2018,31,AZE,26,"Ores, slag and ash",19484972.26
2018,32,ARG,26,"Ores, slag and ash",206092050.4
2018,36,AUS,26,"Ores, slag and ash",60279964997
2018,40,AUT,26,"Ores, slag and ash",57052880.54
2018,48,BHR,26,"Ores, slag and ash",991037152.5
2018,51,ARM,26,"Ores, slag and ash",557086289.5
2018,52,BRB,26,"Ores, slag and ash",8.5
2018,56,BEL,26,"Ores, slag and ash",319161422.2
2018,68,BOL,26,"Ores, slag and ash",2352951775
2018,70,BIH,26,"Ores, slag and ash",39582312.05
2018,72,BWA,26,"Ores, slag and ash",7031180.004
2018,76,BRA,26,"Ores, slag and ash",23670264508
2018,90,SLB,26,"Ores, slag and ash",21288992.48
2018,100,BGR,26,"Ores, slag and ash",691727581.7
2018,104,MMR,26,"Ores, slag and ash",27013283.05
2018,108,BDI,26,"Ores, slag and ash",14130605.87
2018,112,BLR,26,"Ores, slag and ash",5074500
2018,116,KHM,26,"Ores, slag and ash",1323454.64
2018,120,CMR,26,"Ores, slag and ash",36391.63
2018,124,CAN,26,"Ores, slag and ash",7870631753
2018,152,CHL,26,"Ores, slag and ash",20540053893
2018,156,CHN,26,"Ores, slag and ash",1164442867
2018,170,COL,26,"Ores, slag and ash",61263252.78
2018,178,COG,26,"Ores, slag and ash",224263.527
2018,180,COD,26,"Ores, slag and ash",1929296205
2018,188,CRI,26,"Ores, slag and ash",40130.92
2018,191,HRV,26,"Ores, slag and ash",18370523
2018,192,CUB,26,"Ores, slag and ash",11965557.71
2018,196,CYP,26,"Ores, slag and ash",45056.938
2018,203,CZE,26,"Ores, slag and ash",24991183
2018,208,DNK,26,"Ores, slag and ash",8989071.152
2018,212,DMA,26,"Ores, slag and ash",740.739
2018,214,DOM,26,"Ores, slag and ash",65526799.87
2018,218,ECU,26,"Ores, slag and ash",111408516.2
2018,222,SLV,26,"Ores, slag and ash",1780379.17
2018,231,ETH,26,"Ores, slag and ash",9165037.554
2018,233,EST,26,"Ores, slag and ash",3547453.61
2018,242,FJI,26,"Ores, slag and ash",1305966.667
2018,246,FIN,26,"Ores, slag and ash",578792750.6
2018,251,FRA,26,"Ores, slag and ash",364491383.1
2018,266,GAB,26,"Ores, slag and ash",249982506.8
2018,268,GEO,26,"Ores, slag and ash",514200474.1
2018,275,PSE,26,"Ores, slag and ash",594395.176
2018,276,DEU,26,"Ores, slag and ash",599392602.5
2018,288,GHA,26,"Ores, slag and ash",346482644.9
2018,300,GRC,26,"Ores, slag and ash",133204531.2
2018,320,GTM,26,"Ores, slag and ash",40417614
2018,328,GUY,26,"Ores, slag and ash",129264817.9
2018,340,HND,26,"Ores, slag and ash",82051551.88
2018,344,HKG,26,"Ores, slag and ash",31560903.72
2018,348,HUN,26,"Ores, slag and ash",6755493
2018,352,ISL,26,"Ores, slag and ash",1026836.218
2018,360,IDN,26,"Ores, slag and ash",5254702184
2018,364,IRN,26,"Ores, slag and ash",1138482964
2018,372,IRL,26,"Ores, slag and ash",312943674.1
2018,376,ISR,26,"Ores, slag and ash",2016000
2018,380,ITA,26,"Ores, slag and ash",220262267.6
2018,384,CIV,26,"Ores, slag and ash",119129123.6
2018,388,JAM,26,"Ores, slag and ash",100289323.3
2018,392,JPN,26,"Ores, slag and ash",170631796.6
2018,398,KAZ,26,"Ores, slag and ash",2097832725
2018,400,JOR,26,"Ores, slag and ash",651304.362
2018,404,KEN,26,"Ores, slag and ash",212550954.9
2018,410,KOR,26,"Ores, slag and ash",359702675
2018,414,KWT,26,"Ores, slag and ash",206888
2018,417,KGZ,26,"Ores, slag and ash",124566398
2018,418,LAO,26,"Ores, slag and ash",760664534
2018,422,LBN,26,"Ores, slag and ash",189995.931
2018,426,LSO,26,"Ores, slag and ash",2387.897
2018,428,LVA,26,"Ores, slag and ash",1921539.7
2018,430,LBR,26,"Ores, slag and ash",14880450
2018,440,LTU,26,"Ores, slag and ash",5202962
2018,442,LUX,26,"Ores, slag and ash",12030746.7
2018,450,MDG,26,"Ores, slag and ash",104949777.8
2018,454,MWI,26,"Ores, slag and ash",16601.822
2018,458,MYS,26,"Ores, slag and ash",1329611070
2018,466,MLI,26,"Ores, slag and ash",12280.18
2018,470,MLT,26,"Ores, slag and ash",114393.178
2018,478,MRT,26,"Ores, slag and ash",734278770.3
2018,480,MUS,26,"Ores, slag and ash",44.467
2018,484,MEX,26,"Ores, slag and ash",5527393679
2018,490,S19,26,"Ores, slag and ash",517828848
2018,496,MNG,26,"Ores, slag and ash",2670047537
2018,499,MNE,26,"Ores, slag and ash",35537536.01
2018,504,MAR,26,"Ores, slag and ash",329783494.1
2018,508,MOZ,26,"Ores, slag and ash",287137316.7
2018,512,OMN,26,"Ores, slag and ash",594356123.4
2018,516,NAM,26,"Ores, slag and ash",825420378.2
2018,524,NPL,26,"Ores, slag and ash",20421.1
2018,528,NLD,26,"Ores, slag and ash",1426436358
2018,531,CUW,26,"Ores, slag and ash",335.195
2018,554,NZL,26,"Ores, slag and ash",3369579.249
2018,558,NIC,26,"Ores, slag and ash",515734.77
2018,562,NER,26,"Ores, slag and ash",206142692.1
2018,566,NGA,26,"Ores, slag and ash",44448027.32
2018,579,NOR,26,"Ores, slag and ash",215744356.4
2018,586,PAK,26,"Ores, slag and ash",83252113.57
2018,600,PRY,26,"Ores, slag and ash",34230
2018,604,PER,26,"Ores, slag and ash",17843023436
2018,608,PHL,26,"Ores, slag and ash",1223576695
2018,616,POL,26,"Ores, slag and ash",254866635
2018,620,PRT,26,"Ores, slag and ash",688229812.5
2018,634,QAT,26,"Ores, slag and ash",20962476.74
2018,642,ROU,26,"Ores, slag and ash",74181705.28
2018,643,RUS,26,"Ores, slag and ash",3672270691
2018,646,RWA,26,"Ores, slag and ash",149572233.2
2018,662,LCA,26,"Ores, slag and ash",37.03
2018,682,SAU,26,"Ores, slag and ash",601465620.8
2018,686,SEN,26,"Ores, slag and ash",179334034
2018,688,SRB,26,"Ores, slag and ash",76814772
2018,690,SYC,26,"Ores, slag and ash",187.295
2018,694,SLE,26,"Ores, slag and ash",32191757.8
2018,699,IND,26,"Ores, slag and ash",1655617854
2018,702,SGP,26,"Ores, slag and ash",37673576.55
2018,703,SVK,26,"Ores, slag and ash",35227873.17
2018,704,VNM,26,"Ores, slag and ash",111887265.7
2018,705,SVN,26,"Ores, slag and ash",16220095.24
2018,710,ZAF,26,"Ores, slag and ash",11656011309
2018,716,ZWE,26,"Ores, slag and ash",497182282.5
2018,724,ESP,26,"Ores, slag and ash",3091572237
2018,729,SDN,26,"Ores, slag and ash",1566301
2018,740,SUR,26,"Ores, slag and ash",140904832.5
2018,748,SWZ,26,"Ores, slag and ash",86.918
2018,752,SWE,26,"Ores, slag and ash",3118604290
2018,757,CHE,26,"Ores, slag and ash",18826390.06
2018,762,TJK,26,"Ores, slag and ash",400127163
2018,764,THA,26,"Ores, slag and ash",112925277.8
2018,780,TTO,26,"Ores, slag and ash",14839151.34
2018,784,ARE,26,"Ores, slag and ash",31925428.21
2018,788,TUN,26,"Ores, slag and ash",2504627.688
2018,792,TUR,26,"Ores, slag and ash",1328338718
2018,800,UGA,26,"Ores, slag and ash",2561776.2
2018,804,UKR,26,"Ores, slag and ash",3035252891
2018,807,MKD,26,"Ores, slag and ash",216883389.6
2018,818,EGY,26,"Ores, slag and ash",17781448.11
2018,826,GBR,26,"Ores, slag and ash",271718661.4
2018,834,TZA,26,"Ores, slag and ash",12503.762
2018,842,USA,26,"Ores, slag and ash",6755041427
2018,854,BFA,26,"Ores, slag and ash",494859.794
2018,858,URY,26,"Ores, slag and ash",114460
2018,860,UZB,26,"Ores, slag and ash",19643820
2018,894,ZMB,26,"Ores, slag and ash",33372079.46
2019,8,ALB,26,"Ores, slag and ash",80466642.73
2019,20,AND,26,"Ores, slag and ash",8433.937
2019,24,AGO,26,"Ores, slag and ash",65907.027
2019,31,AZE,26,"Ores, slag and ash",20810846.34
2019,32,ARG,26,"Ores, slag and ash",159928510.9
2019,36,AUS,26,"Ores, slag and ash",79657474290
2019,40,AUT,26,"Ores, slag and ash",44497396.18
2019,48,BHR,26,"Ores, slag and ash",1355620874
2019,51,ARM,26,"Ores, slag and ash",665129492.2
2019,52,BRB,26,"Ores, slag and ash",1604
2019,56,BEL,26,"Ores, slag and ash",274324641.4
2019,68,BOL,26,"Ores, slag and ash",2055854613
2019,70,BIH,26,"Ores, slag and ash",27846914.73
2019,72,BWA,26,"Ores, slag and ash",314004.103
2019,76,BRA,26,"Ores, slag and ash",25837449406
2019,96,BRN,26,"Ores, slag and ash",61630.74
2019,100,BGR,26,"Ores, slag and ash",901201094.1
2019,104,MMR,26,"Ores, slag and ash",70888748.59
2019,108,BDI,26,"Ores, slag and ash",13208974.26
2019,112,BLR,26,"Ores, slag and ash",4606000
2019,116,KHM,26,"Ores, slag and ash",3252749.12
2019,120,CMR,26,"Ores, slag and ash",85.32
2019,124,CAN,26,"Ores, slag and ash",8835904140
2019,144,LKA,26,"Ores, slag and ash",15628093.04
2019,152,CHL,26,"Ores, slag and ash",19642718466
2019,156,CHN,26,"Ores, slag and ash",1746659018
2019,170,COL,26,"Ores, slag and ash",51609709.5
2019,178,COG,26,"Ores, slag and ash",1286996.233
2019,180,COD,26,"Ores, slag and ash",1287143274
2019,188,CRI,26,"Ores, slag and ash",126427.84
2019,191,HRV,26,"Ores, slag and ash",18329058
2019,192,CUB,26,"Ores, slag and ash",16299176.57
2019,203,CZE,26,"Ores, slag and ash",26658359
2019,204,BEN,26,"Ores, slag and ash",1706.74
2019,208,DNK,26,"Ores, slag and ash",5066768.067
2019,214,DOM,26,"Ores, slag and ash",39886582.88
2019,218,ECU,26,"Ores, slag and ash",131746541
2019,222,SLV,26,"Ores, slag and ash",1212221.67
2019,231,ETH,26,"Ores, slag and ash",7938225.46
2019,233,EST,26,"Ores, slag and ash",3840615.907
2019,242,FJI,26,"Ores, slag and ash",1174033.487
2019,246,FIN,26,"Ores, slag and ash",535844438.1
2019,251,FRA,26,"Ores, slag and ash",317644491.7
2019,266,GAB,26,"Ores, slag and ash",318650975.6
2019,268,GEO,26,"Ores, slag and ash",666762230.8
2019,275,PSE,26,"Ores, slag and ash",16197.05
2019,276,DEU,26,"Ores, slag and ash",583431035.4
2019,288,GHA,26,"Ores, slag and ash",394815449.2
2019,300,GRC,26,"Ores, slag and ash",135964820.8
2019,320,GTM,26,"Ores, slag and ash",25516713
2019,328,GUY,26,"Ores, slag and ash",128486142.7
2019,340,HND,26,"Ores, slag and ash",71301486.27
2019,344,HKG,26,"Ores, slag and ash",27443908.18
2019,348,HUN,26,"Ores, slag and ash",11179396
2019,352,ISL,26,"Ores, slag and ash",1449917.286
2019,360,IDN,26,"Ores, slag and ash",3126596256
2019,364,IRN,26,"Ores, slag and ash",1084982808
2019,372,IRL,26,"Ores, slag and ash",194633265.8
2019,376,ISR,26,"Ores, slag and ash",1464000
2019,380,ITA,26,"Ores, slag and ash",162531460.6
2019,384,CIV,26,"Ores, slag and ash",171493016.1
2019,388,JAM,26,"Ores, slag and ash",95902493.81
2019,392,JPN,26,"Ores, slag and ash",181912711.2
2019,398,KAZ,26,"Ores, slag and ash",2727132484
2019,400,JOR,26,"Ores, slag and ash",1249177.727
2019,404,KEN,26,"Ores, slag and ash",195306767.9
2019,410,KOR,26,"Ores, slag and ash",370850620
2019,414,KWT,26,"Ores, slag and ash",364131
2019,417,KGZ,26,"Ores, slag and ash",162694817
2019,418,LAO,26,"Ores, slag and ash",654105478.2
2019,422,LBN,26,"Ores, slag and ash",71309.65
2019,426,LSO,26,"Ores, slag and ash",591.276
2019,428,LVA,26,"Ores, slag and ash",2580568.74
2019,430,LBR,26,"Ores, slag and ash",79302590.96
2019,434,LBY,26,"Ores, slag and ash",160166
2019,440,LTU,26,"Ores, slag and ash",3818433
2019,442,LUX,26,"Ores, slag and ash",10911405.86
2019,450,MDG,26,"Ores, slag and ash",143461933.9
2019,454,MWI,26,"Ores, slag and ash",316.014
2019,458,MYS,26,"Ores, slag and ash",1520505996
2019,466,MLI,26,"Ores, slag and ash",7684.92
2019,470,MLT,26,"Ores, slag and ash",74617.186
2019,478,MRT,26,"Ores, slag and ash",1092522594
2019,480,MUS,26,"Ores, slag and ash",23369.819
2019,484,MEX,26,"Ores, slag and ash",5386090298
2019,490,S19,26,"Ores, slag and ash",933997724.4
2019,496,MNG,26,"Ores, slag and ash",2686198520
2019,499,MNE,26,"Ores, slag and ash",35460796.67
2019,504,MAR,26,"Ores, slag and ash",258672964.1
2019,508,MOZ,26,"Ores, slag and ash",272672001.8
2019,512,OMN,26,"Ores, slag and ash",525472038.5
2019,516,NAM,26,"Ores, slag and ash",830741261.5
2019,524,NPL,26,"Ores, slag and ash",7654.14
2019,528,NLD,26,"Ores, slag and ash",1499093419
2019,554,NZL,26,"Ores, slag and ash",3961479.368
2019,558,NIC,26,"Ores, slag and ash",29199.4
2019,562,NER,26,"Ores, slag and ash",219289925.7
2019,566,NGA,26,"Ores, slag and ash",25500819
2019,579,NOR,26,"Ores, slag and ash",260739770.8
2019,586,PAK,26,"Ores, slag and ash",93918394.15
2019,591,PAN,26,"Ores, slag and ash",13236
2019,598,PNG,26,"Ores, slag and ash",1248196928
2019,600,PRY,26,"Ores, slag and ash",11304
2019,604,PER,26,"Ores, slag and ash",17052540713
2019,608,PHL,26,"Ores, slag and ash",1399589098
2019,616,POL,26,"Ores, slag and ash",102959332
2019,620,PRT,26,"Ores, slag and ash",536583498.7
2019,634,QAT,26,"Ores, slag and ash",6791201.65
2019,642,ROU,26,"Ores, slag and ash",80525635.01
2019,643,RUS,26,"Ores, slag and ash",4200008207
2019,646,RWA,26,"Ores, slag and ash",102078314.4
2019,682,SAU,26,"Ores, slag and ash",455368208.9
2019,686,SEN,26,"Ores, slag and ash",197105703.4
2019,688,SRB,26,"Ores, slag and ash",66474462
2019,699,IND,26,"Ores, slag and ash",3029290037
2019,702,SGP,26,"Ores, slag and ash",44853873.7
2019,703,SVK,26,"Ores, slag and ash",28202278.78
2019,704,VNM,26,"Ores, slag and ash",111269514.5
2019,705,SVN,26,"Ores, slag and ash",11848381.69
2019,710,ZAF,26,"Ores, slag and ash",13060350801
2019,716,ZWE,26,"Ores, slag and ash",788210326.3
2019,724,ESP,26,"Ores, slag and ash",2309485191
2019,740,SUR,26,"Ores, slag and ash",98029993.08
2019,748,SWZ,26,"Ores, slag and ash",34.77
2019,752,SWE,26,"Ores, slag and ash",3228857788
2019,757,CHE,26,"Ores, slag and ash",17447515.6
2019,762,TJK,26,"Ores, slag and ash",296885500
2019,764,THA,26,"Ores, slag and ash",137299190.1
2019,768,TGO,26,"Ores, slag and ash",991.548
2019,780,TTO,26,"Ores, slag and ash",21362592.48
2019,784,ARE,26,"Ores, slag and ash",38213287.28
2019,788,TUN,26,"Ores, slag and ash",6842635.291
2019,792,TUR,26,"Ores, slag and ash",1229458776
2019,800,UGA,26,"Ores, slag and ash",2329745.58
2019,804,UKR,26,"Ores, slag and ash",3590241306
2019,807,MKD,26,"Ores, slag and ash",219001500
2019,818,EGY,26,"Ores, slag and ash",25366265.55
2019,826,GBR,26,"Ores, slag and ash",201235761.8
2019,834,TZA,26,"Ores, slag and ash",489819.04
2019,842,USA,26,"Ores, slag and ash",7379676720
2019,854,BFA,26,"Ores, slag and ash",2614.432
2019,858,URY,26,"Ores, slag and ash",97005
2019,860,UZB,26,"Ores, slag and ash",43642966.86
2019,894,ZMB,26,"Ores, slag and ash",35389921.83
2020,8,ALB,26,"Ores, slag and ash",75112531.78
2020,20,AND,26,"Ores, slag and ash",8218.459
2020,28,ATG,26,"Ores, slag and ash",37.037
2020,31,AZE,26,"Ores, slag and ash",19997296.83
2020,36,AUS,26,"Ores, slag and ash",90149510305
2020,40,AUT,26,"Ores, slag and ash",37619452.68
2020,48,BHR,26,"Ores, slag and ash",807871747.6
2020,51,ARM,26,"Ores, slag and ash",677267948.6
2020,56,BEL,26,"Ores, slag and ash",287898107.5
2020,68,BOL,26,"Ores, slag and ash",1482186164
2020,70,BIH,26,"Ores, slag and ash",40459137.6
2020,72,BWA,26,"Ores, slag and ash",25400976.07
2020,76,BRA,26,"Ores, slag and ash",28893262141
2020,96,BRN,26,"Ores, slag and ash",110349.18
2020,100,BGR,26,"Ores, slag and ash",1015968425
2020,104,MMR,26,"Ores, slag and ash",60029937.11
2020,108,BDI,26,"Ores, slag and ash",8996065.641
2020,112,BLR,26,"Ores, slag and ash",3498100
2020,116,KHM,26,"Ores, slag and ash",368491.17
2020,120,CMR,26,"Ores, slag and ash",7049.39
2020,124,CAN,26,"Ores, slag and ash",10051458451
2020,144,LKA,26,"Ores, slag and ash",9017690.38
2020,152,CHL,26,"Ores, slag and ash",24895273143
2020,156,CHN,26,"Ores, slag and ash",1942480630
2020,170,COL,26,"Ores, slag and ash",85180278.34
2020,178,COG,26,"Ores, slag and ash",826146.56
2020,180,COD,26,"Ores, slag and ash",1080288742
2020,188,CRI,26,"Ores, slag and ash",1293144.19
2020,191,HRV,26,"Ores, slag and ash",12038282
2020,192,CUB,26,"Ores, slag and ash",7674836.78
2020,203,CZE,26,"Ores, slag and ash",35060554
2020,204,BEN,26,"Ores, slag and ash",2176.575
2020,208,DNK,26,"Ores, slag and ash",7064482.685
2020,214,DOM,26,"Ores, slag and ash",20409158.06
2020,218,ECU,26,"Ores, slag and ash",668435554.9
2020,222,SLV,26,"Ores, slag and ash",1038080.64
2020,231,ETH,26,"Ores, slag and ash",5700127.21
2020,233,EST,26,"Ores, slag and ash",16097142.28
2020,242,FJI,26,"Ores, slag and ash",1987870.246
2020,246,FIN,26,"Ores, slag and ash",578302853.6
2020,251,FRA,26,"Ores, slag and ash",317533958
2020,266,GAB,26,"Ores, slag and ash",448647157.6
2020,268,GEO,26,"Ores, slag and ash",823977851.2
2020,270,GMB,26,"Ores, slag and ash",77579.693
2020,275,PSE,26,"Ores, slag and ash",318862.59
2020,276,DEU,26,"Ores, slag and ash",495751497.8
2020,300,GRC,26,"Ores, slag and ash",176076603
2020,320,GTM,26,"Ores, slag and ash",57109381
2020,328,GUY,26,"Ores, slag and ash",149871988.5
2020,340,HND,26,"Ores, slag and ash",64212934.79
2020,344,HKG,26,"Ores, slag and ash",10996224.41
2020,348,HUN,26,"Ores, slag and ash",64049247
2020,352,ISL,26,"Ores, slag and ash",3189835.451
2020,360,IDN,26,"Ores, slag and ash",3235095661
2020,364,IRN,26,"Ores, slag and ash",290784859
2020,372,IRL,26,"Ores, slag and ash",212314821.4
2020,376,ISR,26,"Ores, slag and ash",2048000
2020,380,ITA,26,"Ores, slag and ash",130741049.4
2020,384,CIV,26,"Ores, slag and ash",164409120.5
2020,388,JAM,26,"Ores, slag and ash",88614109.85
2020,392,JPN,26,"Ores, slag and ash",158550343
2020,398,KAZ,26,"Ores, slag and ash",3539057954
2020,400,JOR,26,"Ores, slag and ash",683577.608
2020,404,KEN,26,"Ores, slag and ash",206356416.2
2020,410,KOR,26,"Ores, slag and ash",503587717
2020,414,KWT,26,"Ores, slag and ash",1038938
2020,417,KGZ,26,"Ores, slag and ash",122296959
2020,418,LAO,26,"Ores, slag and ash",568750521.1
2020,426,LSO,26,"Ores, slag and ash",3753.181
2020,428,LVA,26,"Ores, slag and ash",1557890.239
2020,430,LBR,26,"Ores, slag and ash",180552978.2
2020,440,LTU,26,"Ores, slag and ash",3989613
2020,442,LUX,26,"Ores, slag and ash",10804713.18
2020,450,MDG,26,"Ores, slag and ash",139612032.8
2020,454,MWI,26,"Ores, slag and ash",204.385
2020,458,MYS,26,"Ores, slag and ash",1218649498
2020,470,MLT,26,"Ores, slag and ash",15696.057
2020,478,MRT,26,"Ores, slag and ash",1190426333
2020,480,MUS,26,"Ores, slag and ash",17479.981
2020,484,MEX,26,"Ores, slag and ash",6718160125
2020,490,S19,26,"Ores, slag and ash",954850314
2020,496,MNG,26,"Ores, slag and ash",2818203184
2020,499,MNE,26,"Ores, slag and ash",37616717.46
2020,504,MAR,26,"Ores, slag and ash",267511553.8
2020,508,MOZ,26,"Ores, slag and ash",254351781.3
2020,512,OMN,26,"Ores, slag and ash",539883883.8
2020,516,NAM,26,"Ores, slag and ash",717725427.5
2020,524,NPL,26,"Ores, slag and ash",20536.34
2020,528,NLD,26,"Ores, slag and ash",1269837247
2020,531,CUW,26,"Ores, slag and ash",59497.183
2020,533,ABW,26,"Ores, slag and ash",86.592
2020,554,NZL,26,"Ores, slag and ash",7175273.323
2020,562,NER,26,"Ores, slag and ash",252737942.3
2020,566,NGA,26,"Ores, slag and ash",17913055.93
2020,579,NOR,26,"Ores, slag and ash",281129353.1
2020,586,PAK,26,"Ores, slag and ash",84624074.7
2020,591,PAN,26,"Ores, slag and ash",252068091
2020,598,PNG,26,"Ores, slag and ash",1195686154
2020,600,PRY,26,"Ores, slag and ash",30812
2020,604,PER,26,"Ores, slag and ash",13203518616
2020,608,PHL,26,"Ores, slag and ash",1787726279
2020,616,POL,26,"Ores, slag and ash",74941523
2020,620,PRT,26,"Ores, slag and ash",440545575.2
2020,634,QAT,26,"Ores, slag and ash",1502783.938
2020,642,ROU,26,"Ores, slag and ash",66374425.66
2020,643,RUS,26,"Ores, slag and ash",4329567653
2020,646,RWA,26,"Ores, slag and ash",74575562.86
2020,670,VCT,26,"Ores, slag and ash",8174.38
2020,682,SAU,26,"Ores, slag and ash",550468519.6
2020,686,SEN,26,"Ores, slag and ash",201922033.6
2020,688,SRB,26,"Ores, slag and ash",165567608
2020,699,IND,26,"Ores, slag and ash",4205513249
2020,702,SGP,26,"Ores, slag and ash",11840465.95
2020,703,SVK,26,"Ores, slag and ash",29299283.98
2020,704,VNM,26,"Ores, slag and ash",133295828.5
2020,705,SVN,26,"Ores, slag and ash",8457765.4
2020,710,ZAF,26,"Ores, slag and ash",12782690149
2020,716,ZWE,26,"Ores, slag and ash",662136301.6
2020,724,ESP,26,"Ores, slag and ash",1509829856
2020,740,SUR,26,"Ores, slag and ash",56393.163
2020,748,SWZ,26,"Ores, slag and ash",12231.86
2020,752,SWE,26,"Ores, slag and ash",3615091304
2020,757,CHE,26,"Ores, slag and ash",16905309.66
2020,762,TJK,26,"Ores, slag and ash",158237971
2020,764,THA,26,"Ores, slag and ash",95814514.56
2020,780,TTO,26,"Ores, slag and ash",2227117.166
2020,784,ARE,26,"Ores, slag and ash",31268982.14
2020,788,TUN,26,"Ores, slag and ash",3872775.46
2020,792,TUR,26,"Ores, slag and ash",1384358990
2020,800,UGA,26,"Ores, slag and ash",595785
2020,804,UKR,26,"Ores, slag and ash",4422736703
2020,807,MKD,26,"Ores, slag and ash",196503583.9
2020,818,EGY,26,"Ores, slag and ash",29205814.92
2020,826,GBR,26,"Ores, slag and ash",202565656.6
2020,834,TZA,26,"Ores, slag and ash",362050485
2020,842,USA,26,"Ores, slag and ash",6526325369
2020,854,BFA,26,"Ores, slag and ash",105500904.4
2020,858,URY,26,"Ores, slag and ash",44363
2020,860,UZB,26,"Ores, slag and ash",27755215.99
2020,894,ZMB,26,"Ores, slag and ash",252142278.5
2021,8,ALB,26,"Ores, slag and ash",93698653.51
2021,20,AND,26,"Ores, slag and ash",6187.437
2021,24,AGO,26,"Ores, slag and ash",9927047.301
2021,31,AZE,26,"Ores, slag and ash",25285394.5
2021,36,AUS,26,"Ores, slag and ash",1.30894E+11
2021,40,AUT,26,"Ores, slag and ash",46733682.92
2021,44,BHS,26,"Ores, slag and ash",20
2021,48,BHR,26,"Ores, slag and ash",2360970169
2021,51,ARM,26,"Ores, slag and ash",923205726.6
2021,56,BEL,26,"Ores, slag and ash",367112922.8
2021,68,BOL,26,"Ores, slag and ash",2573136475
2021,70,BIH,26,"Ores, slag and ash",50441993.75
2021,72,BWA,26,"Ores, slag and ash",110187587.6
2021,76,BRA,26,"Ores, slag and ash",48722834364
2021,96,BRN,26,"Ores, slag and ash",20.27
2021,100,BGR,26,"Ores, slag and ash",1276762889
2021,104,MMR,26,"Ores, slag and ash",20925071.76
2021,108,BDI,26,"Ores, slag and ash",15661091.06
2021,112,BLR,26,"Ores, slag and ash",4947400
2021,120,CMR,26,"Ores, slag and ash",30.16
2021,124,CAN,26,"Ores, slag and ash",13284353468
2021,132,CPV,26,"Ores, slag and ash",109664.771
2021,144,LKA,26,"Ores, slag and ash",24892755.14
2021,152,CHL,26,"Ores, slag and ash",34123846983
2021,156,CHN,26,"Ores, slag and ash",4539029751
2021,170,COL,26,"Ores, slag and ash",162630972.5
2021,178,COG,26,"Ores, slag and ash",1161381.38
2021,180,COD,26,"Ores, slag and ash",1645861300
2021,188,CRI,26,"Ores, slag and ash",1757501.61
2021,191,HRV,26,"Ores, slag and ash",21570222
2021,192,CUB,26,"Ores, slag and ash",3027890.96
2021,196,CYP,26,"Ores, slag and ash",1632.182
2021,203,CZE,26,"Ores, slag and ash",45010705
2021,208,DNK,26,"Ores, slag and ash",5126271.519
2021,214,DOM,26,"Ores, slag and ash",57795399.7
2021,218,ECU,26,"Ores, slag and ash",1513536624
2021,222,SLV,26,"Ores, slag and ash",1413982.86
2021,231,ETH,26,"Ores, slag and ash",6845417.62
2021,233,EST,26,"Ores, slag and ash",5469145.41
2021,242,FJI,26,"Ores, slag and ash",2771182.047
2021,246,FIN,26,"Ores, slag and ash",1027436307
2021,251,FRA,26,"Ores, slag and ash",414000183.9
2021,262,DJI,26,"Ores, slag and ash",179732.013
2021,266,GAB,26,"Ores, slag and ash",537932975.9
2021,268,GEO,26,"Ores, slag and ash",861371324.1
2021,275,PSE,26,"Ores, slag and ash",168940.86
2021,276,DEU,26,"Ores, slag and ash",936749861
2021,288,GHA,26,"Ores, slag and ash",250640313.9
2021,300,GRC,26,"Ores, slag and ash",182289578.2
2021,320,GTM,26,"Ores, slag and ash",100689006
2021,328,GUY,26,"Ores, slag and ash",163734803.3
2021,340,HND,26,"Ores, slag and ash",94416706.45
2021,344,HKG,26,"Ores, slag and ash",18195891.29
2021,348,HUN,26,"Ores, slag and ash",11592782
2021,352,ISL,26,"Ores, slag and ash",4321734.447
2021,360,IDN,26,"Ores, slag and ash",6351108512
2021,364,IRN,26,"Ores, slag and ash",560316796
2021,372,IRL,26,"Ores, slag and ash",274537422.9
2021,376,ISR,26,"Ores, slag and ash",4018000
2021,380,ITA,26,"Ores, slag and ash",195258991.6
2021,384,CIV,26,"Ores, slag and ash",146000989.5
2021,388,JAM,26,"Ores, slag and ash",71830135.95
2021,392,JPN,26,"Ores, slag and ash",178473734.4
2021,398,KAZ,26,"Ores, slag and ash",4173496770
2021,400,JOR,26,"Ores, slag and ash",1077247.884
2021,404,KEN,26,"Ores, slag and ash",258551149.2
2021,410,KOR,26,"Ores, slag and ash",1445405110
2021,414,KWT,26,"Ores, slag and ash",981424
2021,417,KGZ,26,"Ores, slag and ash",177786816
2021,418,LAO,26,"Ores, slag and ash",632366470.2
2021,426,LSO,26,"Ores, slag and ash",125.816
2021,428,LVA,26,"Ores, slag and ash",2814679.476
2021,440,LTU,26,"Ores, slag and ash",7687739
2021,442,LUX,26,"Ores, slag and ash",10710295.69
2021,450,MDG,26,"Ores, slag and ash",182652721.7
2021,454,MWI,26,"Ores, slag and ash",11547.927
2021,458,MYS,26,"Ores, slag and ash",1800611049
2021,470,MLT,26,"Ores, slag and ash",29126.163
2021,478,MRT,26,"Ores, slag and ash",2046940787
2021,480,MUS,26,"Ores, slag and ash",13095.468
2021,484,MEX,26,"Ores, slag and ash",8702845111
2021,490,S19,26,"Ores, slag and ash",1703551605
2021,496,MNG,26,"Ores, slag and ash",4309868028
2021,498,MDA,26,"Ores, slag and ash",24097
2021,499,MNE,26,"Ores, slag and ash",28084905.89
2021,504,MAR,26,"Ores, slag and ash",383298896.1
2021,508,MOZ,26,"Ores, slag and ash",471226339.9
2021,512,OMN,26,"Ores, slag and ash",967821876.2
2021,516,NAM,26,"Ores, slag and ash",805021047.4
2021,524,NPL,26,"Ores, slag and ash",5808419.56
2021,528,NLD,26,"Ores, slag and ash",1542996457
2021,554,NZL,26,"Ores, slag and ash",18943238.71
2021,558,NIC,26,"Ores, slag and ash",1885204
2021,562,NER,26,"Ores, slag and ash",189303885.7
2021,566,NGA,26,"Ores, slag and ash",65407298.11
2021,579,NOR,26,"Ores, slag and ash",369755241.3
2021,586,PAK,26,"Ores, slag and ash",151803221
2021,591,PAN,26,"Ores, slag and ash",2930783339
2021,598,PNG,26,"Ores, slag and ash",941565306.3
2021,600,PRY,26,"Ores, slag and ash",154532
2021,604,PER,26,"Ores, slag and ash",21514055711
2021,608,PHL,26,"Ores, slag and ash",1983730046
2021,616,POL,26,"Ores, slag and ash",110219578
2021,620,PRT,26,"Ores, slag and ash",751257583.9
2021,634,QAT,26,"Ores, slag and ash",1492933.853
2021,642,ROU,26,"Ores, slag and ash",81188441.94
2021,643,RUS,26,"Ores, slag and ash",7429334774
2021,646,RWA,26,"Ores, slag and ash",143153333.3
2021,670,VCT,26,"Ores, slag and ash",22.222
2021,682,SAU,26,"Ores, slag and ash",775391313.7
2021,686,SEN,26,"Ores, slag and ash",271090136.6
2021,688,SRB,26,"Ores, slag and ash",945849029
2021,699,IND,26,"Ores, slag and ash",4519783149
2021,702,SGP,26,"Ores, slag and ash",13423356.53
2021,703,SVK,26,"Ores, slag and ash",46553915.86
2021,704,VNM,26,"Ores, slag and ash",113604161.8
2021,705,SVN,26,"Ores, slag and ash",16112199.05
2021,710,ZAF,26,"Ores, slag and ash",18071554696
2021,716,ZWE,26,"Ores, slag and ash",1093884297
2021,724,ESP,26,"Ores, slag and ash",2224680231
2021,740,SUR,26,"Ores, slag and ash",8645
2021,748,SWZ,26,"Ores, slag and ash",36.36
2021,752,SWE,26,"Ores, slag and ash",5452329057
2021,757,CHE,26,"Ores, slag and ash",27271295.85
2021,762,TJK,26,"Ores, slag and ash",343880762
2021,764,THA,26,"Ores, slag and ash",147763323.9
2021,768,TGO,26,"Ores, slag and ash",7804.794
2021,780,TTO,26,"Ores, slag and ash",9437042.24
2021,784,ARE,26,"Ores, slag and ash",70233341.09
2021,788,TUN,26,"Ores, slag and ash",6266377.884
2021,792,TUR,26,"Ores, slag and ash",2166684485
2021,800,UGA,26,"Ores, slag and ash",13577477.63
2021,804,UKR,26,"Ores, slag and ash",7027239289
2021,807,MKD,26,"Ores, slag and ash",255082552.8
2021,818,EGY,26,"Ores, slag and ash",50512715.07
2021,826,GBR,26,"Ores, slag and ash",192606965.7
2021,834,TZA,26,"Ores, slag and ash",132608343
2021,842,USA,26,"Ores, slag and ash",8494951765
2021,854,BFA,26,"Ores, slag and ash",162640844.3
2021,858,URY,26,"Ores, slag and ash",99995
2021,860,UZB,26,"Ores, slag and ash",40492657.99
2021,894,ZMB,26,"Ores, slag and ash",140753492.7
2022,8,ALB,26,"Ores, slag and ash",144510079.1
2022,20,AND,26,"Ores, slag and ash",8477.767
2022,24,AGO,26,"Ores, slag and ash",6343759.581
2022,31,AZE,26,"Ores, slag and ash",26831615.88
2022,32,ARG,26,"Ores, slag and ash",149736772.1
2022,36,AUS,26,"Ores, slag and ash",1.00496E+11
2022,40,AUT,26,"Ores, slag and ash",47920603.82
2022,44,BHS,26,"Ores, slag and ash",15
2022,48,BHR,26,"Ores, slag and ash",2153646997
2022,51,ARM,26,"Ores, slag and ash",922281695.8
2022,56,BEL,26,"Ores, slag and ash",538232590.7
2022,68,BOL,26,"Ores, slag and ash",2854798034
2022,70,BIH,26,"Ores, slag and ash",57686761.04
2022,72,BWA,26,"Ores, slag and ash",324187979.4
2022,76,BRA,26,"Ores, slag and ash",32419144998
2022,96,BRN,26,"Ores, slag and ash",84089.069
2022,100,BGR,26,"Ores, slag and ash",940360057.5
2022,104,MMR,26,"Ores, slag and ash",15516307.88
2022,108,BDI,26,"Ores, slag and ash",7817640.013
2022,116,KHM,26,"Ores, slag and ash",1200
2022,124,CAN,26,"Ores, slag and ash",11546780881
2022,132,CPV,26,"Ores, slag and ash",94.759
2022,144,LKA,26,"Ores, slag and ash",33780372.13
2022,152,CHL,26,"Ores, slag and ash",26497559305
2022,156,CHN,26,"Ores, slag and ash",3938161586
2022,170,COL,26,"Ores, slag and ash",214735465.7
2022,178,COG,26,"Ores, slag and ash",3078602.285
2022,180,COD,26,"Ores, slag and ash",139496008.5
2022,188,CRI,26,"Ores, slag and ash",102506.46
2022,191,HRV,26,"Ores, slag and ash",18177833
2022,192,CUB,26,"Ores, slag and ash",2628781.53
2022,196,CYP,26,"Ores, slag and ash",537657.145
2022,203,CZE,26,"Ores, slag and ash",45963422
2022,204,BEN,26,"Ores, slag and ash",7705.728
2022,208,DNK,26,"Ores, slag and ash",5889506.751
2022,214,DOM,26,"Ores, slag and ash",58228355.16
2022,218,ECU,26,"Ores, slag and ash",2016389972
2022,222,SLV,26,"Ores, slag and ash",1536226.9
2022,231,ETH,26,"Ores, slag and ash",14793676.96
2022,233,EST,26,"Ores, slag and ash",15149846.91
2022,242,FJI,26,"Ores, slag and ash",3069563.253
2022,246,FIN,26,"Ores, slag and ash",974615018.6
2022,251,FRA,26,"Ores, slag and ash",397926412.3
2022,262,DJI,26,"Ores, slag and ash",40830.469
2022,266,GAB,26,"Ores, slag and ash",667991957.7
2022,268,GEO,26,"Ores, slag and ash",1116699704
2022,270,GMB,26,"Ores, slag and ash",257192.964
2022,275,PSE,26,"Ores, slag and ash",1253110.896
2022,276,DEU,26,"Ores, slag and ash",1041125343
2022,288,GHA,26,"Ores, slag and ash",42069472.19
2022,300,GRC,26,"Ores, slag and ash",172485179.7
2022,320,GTM,26,"Ores, slag and ash",61405364
2022,328,GUY,26,"Ores, slag and ash",207744622.9
2022,344,HKG,26,"Ores, slag and ash",13808656.32
2022,348,HUN,26,"Ores, slag and ash",29482911
2022,352,ISL,26,"Ores, slag and ash",5576232.047
2022,360,IDN,26,"Ores, slag and ash",10299932009
2022,364,IRN,26,"Ores, slag and ash",899501668
2022,372,IRL,26,"Ores, slag and ash",296604052.8
2022,376,ISR,26,"Ores, slag and ash",3911000
2022,380,ITA,26,"Ores, slag and ash",289073917.9
2022,384,CIV,26,"Ores, slag and ash",172306378.1
2022,388,JAM,26,"Ores, slag and ash",76342570.59
2022,392,JPN,26,"Ores, slag and ash",165779266
2022,398,KAZ,26,"Ores, slag and ash",4145383626
2022,400,JOR,26,"Ores, slag and ash",1020651.912
2022,404,KEN,26,"Ores, slag and ash",335694352.9
2022,410,KOR,26,"Ores, slag and ash",1792951157
2022,414,KWT,26,"Ores, slag and ash",3761411.684
2022,417,KGZ,26,"Ores, slag and ash",138492597
2022,422,LBN,26,"Ores, slag and ash",21040
2022,428,LVA,26,"Ores, slag and ash",2413632.741
2022,430,LBR,26,"Ores, slag and ash",96398
2022,440,LTU,26,"Ores, slag and ash",10810978
2022,442,LUX,26,"Ores, slag and ash",8737011.831
2022,450,MDG,26,"Ores, slag and ash",208928299.1
2022,454,MWI,26,"Ores, slag and ash",6133.642
2022,458,MYS,26,"Ores, slag and ash",2091320522
2022,470,MLT,26,"Ores, slag and ash",12999.885
2022,478,MRT,26,"Ores, slag and ash",1479125584
2022,484,MEX,26,"Ores, slag and ash",8387459181
2022,490,S19,26,"Ores, slag and ash",1956868917
2022,496,MNG,26,"Ores, slag and ash",3679215686
2022,498,MDA,26,"Ores, slag and ash",40149
2022,499,MNE,26,"Ores, slag and ash",25719082.5
2022,504,MAR,26,"Ores, slag and ash",362170190.5
2022,508,MOZ,26,"Ores, slag and ash",565932024.7
2022,512,OMN,26,"Ores, slag and ash",2244234644
2022,516,NAM,26,"Ores, slag and ash",1157448759
2022,524,NPL,26,"Ores, slag and ash",3824691.341
2022,528,NLD,26,"Ores, slag and ash",1180635562
2022,554,NZL,26,"Ores, slag and ash",7512069.513
2022,558,NIC,26,"Ores, slag and ash",5498802
2022,562,NER,26,"Ores, slag and ash",134866074.3
2022,566,NGA,26,"Ores, slag and ash",107201374.9
2022,579,NOR,26,"Ores, slag and ash",316307942.8
2022,586,PAK,26,"Ores, slag and ash",149524027.2
2022,591,PAN,26,"Ores, slag and ash",2797163496
2022,600,PRY,26,"Ores, slag and ash",159948.01
2022,604,PER,26,"Ores, slag and ash",19156470559
2022,608,PHL,26,"Ores, slag and ash",2047778185
2022,616,POL,26,"Ores, slag and ash",105647429
2022,620,PRT,26,"Ores, slag and ash",722961911.4
2022,634,QAT,26,"Ores, slag and ash",2481073.023
2022,642,ROU,26,"Ores, slag and ash",86980907.7
2022,646,RWA,26,"Ores, slag and ash",252580265.7
2022,682,SAU,26,"Ores, slag and ash",873057481.4
2022,686,SEN,26,"Ores, slag and ash",326252398.4
2022,688,SRB,26,"Ores, slag and ash",1879841249
2022,699,IND,26,"Ores, slag and ash",1944597526
2022,702,SGP,26,"Ores, slag and ash",36644943.36
2022,703,SVK,26,"Ores, slag and ash",42792232.77
2022,704,VNM,26,"Ores, slag and ash",79209468.7
2022,705,SVN,26,"Ores, slag and ash",16934722.34
2022,710,ZAF,26,"Ores, slag and ash",16043005679
2022,716,ZWE,26,"Ores, slag and ash",1150091320
2022,724,ESP,26,"Ores, slag and ash",2266814620
2022,740,SUR,26,"Ores, slag and ash",5460
2022,748,SWZ,26,"Ores, slag and ash",1.17
2022,752,SWE,26,"Ores, slag and ash",4542836764
2022,757,CHE,26,"Ores, slag and ash",25969110.5
2022,762,TJK,26,"Ores, slag and ash",731065007
2022,764,THA,26,"Ores, slag and ash",156462943.8
2022,768,TGO,26,"Ores, slag and ash",45905.078
2022,780,TTO,26,"Ores, slag and ash",15927002.22
2022,784,ARE,26,"Ores, slag and ash",59079580.99
2022,788,TUN,26,"Ores, slag and ash",11006953.26
2022,792,TUR,26,"Ores, slag and ash",2246031864
2022,800,UGA,26,"Ores, slag and ash",29401751.63
2022,804,UKR,26,"Ores, slag and ash",3084064330
2022,807,MKD,26,"Ores, slag and ash",248881815.6
2022,818,EGY,26,"Ores, slag and ash",47902735
2022,826,GBR,26,"Ores, slag and ash",185020336.5
2022,834,TZA,26,"Ores, slag and ash",230378306.5
2022,842,USA,26,"Ores, slag and ash",8565364752
2022,854,BFA,26,"Ores, slag and ash",56307062.04
2022,858,URY,26,"Ores, slag and ash",131133
2022,860,UZB,26,"Ores, slag and ash",22798446.99
2022,894,ZMB,26,"Ores, slag and ash",237097362
2023,8,ALB,26,"Ores, slag and ash",137816558.9
2023,20,AND,26,"Ores, slag and ash",6904.2
2023,24,AGO,26,"Ores, slag and ash",43215.288
2023,31,AZE,26,"Ores, slag and ash",19192475.23
2023,32,ARG,26,"Ores, slag and ash",260188682.3
2023,36,AUS,26,"Ores, slag and ash",1.03637E+11
2023,40,AUT,26,"Ores, slag and ash",53779580.69
2023,44,BHS,26,"Ores, slag and ash",25
2023,48,BHR,26,"Ores, slag and ash",1835716788
2023,51,ARM,26,"Ores, slag and ash",802856769.4
2023,56,BEL,26,"Ores, slag and ash",564300249.5
2023,68,BOL,26,"Ores, slag and ash",2524449792
2023,70,BIH,26,"Ores, slag and ash",56479643.42
2023,72,BWA,26,"Ores, slag and ash",507903421.5
2023,76,BRA,26,"Ores, slag and ash",35053890746
2023,84,BLZ,26,"Ores, slag and ash",6
2023,96,BRN,26,"Ores, slag and ash",26.261
2023,100,BGR,26,"Ores, slag and ash",1220879872
2023,104,MMR,26,"Ores, slag and ash",27779860.43
2023,116,KHM,26,"Ores, slag and ash",27232222.5
2023,124,CAN,26,"Ores, slag and ash",11413245065
2023,132,CPV,26,"Ores, slag and ash",778.595
2023,144,LKA,26,"Ores, slag and ash",19819380.06
2023,152,CHL,26,"Ores, slag and ash",28545774070
2023,156,CHN,26,"Ores, slag and ash",3613915811
2023,170,COL,26,"Ores, slag and ash",367659188.3
2023,188,CRI,26,"Ores, slag and ash",21423.95
2023,191,HRV,26,"Ores, slag and ash",20596451
2023,196,CYP,26,"Ores, slag and ash",3757851.775
2023,203,CZE,26,"Ores, slag and ash",48357619
2023,204,BEN,26,"Ores, slag and ash",127044.451
2023,208,DNK,26,"Ores, slag and ash",4069029.749
2023,214,DOM,26,"Ores, slag and ash",102397870.8
2023,218,ECU,26,"Ores, slag and ash",1925824514
2023,222,SLV,26,"Ores, slag and ash",1112010
2023,231,ETH,26,"Ores, slag and ash",11980431.84
2023,233,EST,26,"Ores, slag and ash",9234322.59
2023,242,FJI,26,"Ores, slag and ash",1499455.793
2023,246,FIN,26,"Ores, slag and ash",699815957.9
2023,251,FRA,26,"Ores, slag and ash",322572029.1
2023,266,GAB,26,"Ores, slag and ash",2952947837
2023,268,GEO,26,"Ores, slag and ash",546974906.6
2023,275,PSE,26,"Ores, slag and ash",150323.366
2023,276,DEU,26,"Ores, slag and ash",857639216.7
2023,288,GHA,26,"Ores, slag and ash",395288577
2023,300,GRC,26,"Ores, slag and ash",186114238.1
2023,320,GTM,26,"Ores, slag and ash",29964584
2023,328,GUY,26,"Ores, slag and ash",82866615.78
2023,340,HND,26,"Ores, slag and ash",53465587.59
2023,344,HKG,26,"Ores, slag and ash",20410877.44
2023,348,HUN,26,"Ores, slag and ash",24944652
2023,352,ISL,26,"Ores, slag and ash",3528329.216
2023,360,IDN,26,"Ores, slag and ash",8720360460
2023,372,IRL,26,"Ores, slag and ash",140142000.8
2023,376,ISR,26,"Ores, slag and ash",4739177
2023,380,ITA,26,"Ores, slag and ash",262326532.3
2023,384,CIV,26,"Ores, slag and ash",159302760.9
2023,388,JAM,26,"Ores, slag and ash",68007417.6
2023,392,JPN,26,"Ores, slag and ash",195351611.7
2023,398,KAZ,26,"Ores, slag and ash",4978095302
2023,400,JOR,26,"Ores, slag and ash",1289014.743
2023,404,KEN,26,"Ores, slag and ash",202629436.9
2023,410,KOR,26,"Ores, slag and ash",1762313670
2023,414,KWT,26,"Ores, slag and ash",19404395.44
2023,417,KGZ,26,"Ores, slag and ash",233470012
2023,426,LSO,26,"Ores, slag and ash",219.119
2023,428,LVA,26,"Ores, slag and ash",4738294.258
2023,430,LBR,26,"Ores, slag and ash",61645
2023,440,LTU,26,"Ores, slag and ash",10609821
2023,442,LUX,26,"Ores, slag and ash",8863370.947
2023,450,MDG,26,"Ores, slag and ash",252883880.4
2023,454,MWI,26,"Ores, slag and ash",736.4
2023,458,MYS,26,"Ores, slag and ash",2089289690
2023,470,MLT,26,"Ores, slag and ash",4611.611
2023,478,MRT,26,"Ores, slag and ash",1537305797
2023,480,MUS,26,"Ores, slag and ash",48853.738
2023,484,MEX,26,"Ores, slag and ash",8343984519
2023,490,S19,26,"Ores, slag and ash",1298136029
2023,498,MDA,26,"Ores, slag and ash",31758
2023,499,MNE,26,"Ores, slag and ash",24538800.9
2023,504,MAR,26,"Ores, slag and ash",346940665.3
2023,508,MOZ,26,"Ores, slag and ash",516537000
2023,512,OMN,26,"Ores, slag and ash",1794546822
2023,516,NAM,26,"Ores, slag and ash",928861607.6
2023,528,NLD,26,"Ores, slag and ash",1573612350
2023,533,ABW,26,"Ores, slag and ash",17180.447
2023,554,NZL,26,"Ores, slag and ash",5308980.105
2023,558,NIC,26,"Ores, slag and ash",1200800
2023,562,NER,26,"Ores, slag and ash",204376938.3
2023,566,NGA,26,"Ores, slag and ash",170409809.8
2023,579,NOR,26,"Ores, slag and ash",241504564.3
2023,586,PAK,26,"Ores, slag and ash",180679169.8
2023,591,PAN,26,"Ores, slag and ash",2469439575
2023,600,PRY,26,"Ores, slag and ash",237585.8
2023,604,PER,26,"Ores, slag and ash",26949484154
2023,608,PHL,26,"Ores, slag and ash",2232170241
2023,616,POL,26,"Ores, slag and ash",81724459
2023,620,PRT,26,"Ores, slag and ash",665522434.8
2023,634,QAT,26,"Ores, slag and ash",2075628.646
2023,642,ROU,26,"Ores, slag and ash",44064782.28
2023,682,SAU,26,"Ores, slag and ash",647278206.8
2023,686,SEN,26,"Ores, slag and ash",242150281.2
2023,688,SRB,26,"Ores, slag and ash",1552058194
2023,699,IND,26,"Ores, slag and ash",3984330406
2023,702,SGP,26,"Ores, slag and ash",27661216.61
2023,703,SVK,26,"Ores, slag and ash",53724481.4
2023,705,SVN,26,"Ores, slag and ash",21361639.95
2023,710,ZAF,26,"Ores, slag and ash",16272430783
2023,716,ZWE,26,"Ores, slag and ash",735063202.1
2023,724,ESP,26,"Ores, slag and ash",1554262143
2023,740,SUR,26,"Ores, slag and ash",133643296.9
2023,748,SWZ,26,"Ores, slag and ash",39373.39
2023,752,SWE,26,"Ores, slag and ash",3821009324
2023,757,CHE,26,"Ores, slag and ash",21208092.74
2023,764,THA,26,"Ores, slag and ash",215008847.9
2023,768,TGO,26,"Ores, slag and ash",1097424.646
2023,780,TTO,26,"Ores, slag and ash",15020988.17
2023,784,ARE,26,"Ores, slag and ash",78729021
2023,788,TUN,26,"Ores, slag and ash",7349608.885
2023,792,TUR,26,"Ores, slag and ash",2028080151
2023,800,UGA,26,"Ores, slag and ash",73713572.96
2023,804,UKR,26,"Ores, slag and ash",1870049736
2023,807,MKD,26,"Ores, slag and ash",221085083.4
2023,818,EGY,26,"Ores, slag and ash",49332368.64
2023,826,GBR,26,"Ores, slag and ash",153864830
2023,834,TZA,26,"Ores, slag and ash",230940497.2
2023,842,USA,26,"Ores, slag and ash",8103305448
2023,854,BFA,26,"Ores, slag and ash",321133.553
2023,858,URY,26,"Ores, slag and ash",96356
2023,860,UZB,26,"Ores, slag and ash",12161489.98
2023,894,ZMB,26,"Ores, slag and ash",248440261.1
2024,76,BRA,26,"Ores, slag and ash",35042461857
2024,392,JPN,26,"Ores, slag and ash",179072082.6
2024,579,NOR,26,"Ores, slag and ash",305001827.2
